"idencuesta","c01","c02","c03","c04","c05_01","c05_02","c05_03","c05_04","c05_05","c05_06","c05_07","c05_08","c06_01","c06_02","c06_03","c06_04","c06_05","c06_06","c11","c13","c14_01","c14_02","d05_02","d05_04","m0_sexo","m0_edad","m01","m35"
1101011,1,1,3,3,1,1,1,3,1,1,1,1,1,1,1,4,2,1,1,1,2,2,4,3,2,64,2,2
1101012,1,3,2,2,1,1,2,2,2,1,1,1,1,1,1,3,2,4,2,1,1,1,5,5,2,60,4,3
1101013,1,3,3,2,1,1,1,1,1,3,1,1,1,1,1,5,4,2,1,1,1,1,2,5,2,26,4,3
1101021,1,1,2,2,1,1,3,4,1,4,1,1,1,2,1,4,5,5,2,2,2,2,2,4,1,51,8,3
1101022,2,2,2,3,1,1,3,1,1,1,1,1,1,1,1,3,1,1,1,1,1,1,5,3,1,69,5,3
1101023,1,2,2,2,1,1,2,1,1,2,1,1,1,1,1,4,5,1,2,1,2,2,5,5,1,62,4,1
1101032,3,1,1,2,1,1,2,1,1,1,1,1,1,1,1,1,1,1,2,1,1,5,5,4,2,54,5,4
1101033,3,2,3,2,1,1,3,3,2,2,1,1,1,1,1,5,2,2,1,1,3,3,2,4,2,32,6,2
1101041,1,1,2,3,1,1,2,3,1,1,1,1,1,1,1,3,3,2,1,1,1,2,3,4,1,38,5,1
1101042,4,1,1,2,1,1,2,1,2,2,1,1,1,1,1,5,3,2,2,1,3,2,4,5,1,46,5,3
1101043,3,2,1,2,3,3,3,3,3,3,3,3,1,1,1,3,3,3,1,1,3,2,3,4,2,20,5,2
1101051,1,1,2,3,1,1,3,3,1,3,1,1,1,1,1,5,5,5,1,1,3,3,5,4,1,20,8,2
1101053,1,2,2,2,1,1,2,1,2,1,1,1,1,1,1,4,3,2,1,1,3,2,4,4,2,19,8,2
1101081,1,2,2,3,1,1,3,3,1,3,2,1,1,2,1,3,1,1,2,3,4,3,5,5,1,69,3,3
1101082,2,2,2,2,1,1,1,1,1,1,1,1,1,1,1,1,1,1,2,1,3,3,5,3,2,56,5,3
1101083,3,3,3,2,1,1,2,2,2,1,1,2,1,1,1,4,2,1,1,3,2,4,5,3,1,46,5,2
1101102,1,1,3,3,1,1,4,2,1,2,1,1,1,1,1,4,2,3,1,1,1,1,2,4,2,65,7,3
1101103,1,2,2,2,1,3,3,3,3,3,1,1,1,1,1,4,3,2,2,1,5,4,4,4,1,35,5,2
1101111,1,1,1,1,1,1,1,1,1,1,1,1,1,1,1,5,1,4,2,1,4,2,3,4,2,26,5,3
1101113,1,3,3,3,1,1,1,3,4,5,1,1,1,1,1,1,1,1,1,1,2,1,3,4,1,34,5,1
1101132,1,2,2,2,3,1,3,2,2,2,2,1,1,1,1,5,1,,1,1,3,2,4,4,2,29,5,3
1101133,4,2,3,2,1,1,1,1,1,1,1,1,1,1,1,1,1,1,1,1,2,4,2,4,2,62,4,2
1101151,1,2,2,3,1,1,3,2,1,2,1,1,1,1,2,1,3,2,1,1,3,5,4,3,1,22,8,3
1101152,1,2,3,2,1,1,3,2,1,1,1,1,1,1,2,3,3,3,1,1,3,3,4,2,2,29,7,3
1101153,3,2,2,2,1,1,1,3,1,3,3,3,4,3,3,3,4,3,2,2,3,2,3,4,2,53,5,3
1101171,1,2,2,2,2,2,4,1,4,3,1,3,1,1,1,4,3,3,2,1,3,5,2,5,1,57,3,3
1101173,1,3,2,2,1,1,2,1,2,2,1,1,1,1,1,1,1,3,1,1,3,3,4,,2,25,5,2
1107011,4,2,1,2,2,2,3,2,2,1,1,1,1,3,1,3,3,3,2,1,3,4,5,5,2,53,9,3
1107012,1,2,2,1,1,1,3,2,3,1,1,1,1,4,1,3,3,3,2,1,1,1,4,4,1,55,9,4
1107013,3,1,2,2,1,1,2,1,2,1,2,1,1,3,3,3,3,3,2,2,1,2,5,5,1,42,4,2
1107021,3,2,2,2,1,1,3,1,3,1,1,1,1,4,1,4,4,4,2,2,3,3,5,5,1,25,7,3
1107033,2,2,2,3,1,1,3,1,1,1,1,1,1,1,1,2,3,3,2,2,2,4,5,5,1,28,5,2
1107072,1,,,,1,1,3,1,3,1,1,3,1,3,1,3,3,3,1,4,3,3,4,4,2,23,3,1
1107082,1,2,2,1,1,1,3,2,3,3,3,3,2,2,2,2,2,2,2,1,3,1,5,5,2,41,5,3
1107083,3,2,2,1,1,1,2,1,1,1,1,1,1,1,1,1,1,1,2,1,1,1,4,4,2,28,7,2
2101021,1,2,2,2,3,3,2,1,5,2,4,2,2,2,3,5,5,3,1,5,5,5,5,5,2,18,8,3
2101032,1,2,2,2,1,1,3,2,1,1,1,1,1,3,1,3,3,3,1,1,1,3,4,5,1,34,4,2
2101033,1,2,1,1,4,1,2,2,3,3,1,4,2,2,2,,4,4,2,4,3,4,5,5,1,56,5,2
2101041,1,2,2,1,1,1,3,1,1,2,1,1,1,1,1,3,3,,2,1,1,3,1,4,2,48,5,3
2101042,2,2,2,1,3,1,4,1,1,1,1,2,1,1,1,1,3,1,1,1,1,3,5,5,2,70,1,1
2101043,4,2,2,1,1,1,3,,,3,,3,,,,3,,2,1,2,2,2,5,5,2,36,3,1
2101052,1,2,2,1,1,1,5,1,1,3,1,1,4,3,1,3,3,4,2,5,5,5,4,4,1,56,7,1
2101053,1,2,2,1,1,1,3,1,1,1,1,1,1,1,1,3,3,3,1,1,3,3,4,4,2,57,4,3
2101062,1,2,2,2,3,1,4,2,3,3,2,3,1,1,1,5,4,4,1,1,1,3,5,5,1,37,5,1
2101071,2,2,2,1,3,1,3,4,3,3,3,3,2,2,1,2,2,3,2,1,2,5,4,4,2,64,3,2
2101072,2,2,2,1,1,1,2,3,1,1,1,1,1,1,1,3,3,3,1,1,1,4,4,3,1,22,4,3
2101073,1,2,2,2,1,1,1,1,1,1,1,1,1,1,1,3,3,4,2,1,3,4,4,3,1,47,5,2
2101081,1,2,2,1,1,1,2,1,1,2,1,1,1,1,1,3,5,3,2,3,3,4,5,5,1,22,3,3
2101082,3,2,2,2,3,3,4,4,2,2,2,4,3,3,3,4,4,4,1,2,2,4,5,2,1,48,3,1
2101083,2,2,1,2,3,3,4,4,4,3,3,5,2,2,2,2,3,4,1,1,1,3,3,2,1,28,5,2
2101092,1,2,2,1,1,1,5,1,1,3,1,1,2,1,1,3,1,1,1,1,2,5,4,5,1,52,7,2
2101093,2,2,2,1,2,1,5,4,3,3,2,3,,2,,5,3,3,1,1,1,3,5,5,2,38,9,4
2101102,2,2,2,1,3,2,4,4,4,4,4,5,2,3,2,4,4,3,2,1,3,4,4,4,2,63,5,3
2101104,1,2,2,1,1,1,4,1,1,1,1,1,1,1,1,1,4,1,1,1,1,5,5,3,1,54,5,1
2101111,1,2,2,1,3,3,3,2,2,3,2,2,2,2,3,2,3,3,1,3,3,3,5,3,1,46,5,1
2101112,2,2,2,1,1,1,2,2,2,2,2,1,1,1,2,3,4,2,1,4,3,3,5,5,2,23,8,1
2101113,3,2,2,2,1,1,3,3,1,3,1,3,1,,3,4,4,3,1,1,1,2,5,5,2,29,4,1
2101122,3,2,2,1,2,2,3,3,2,3,1,2,1,2,1,3,3,2,1,3,3,4,4,4,1,56,7,3
2101123,3,2,2,1,3,1,3,3,2,2,2,3,1,1,1,1,3,3,2,1,2,3,4,2,1,42,7,2
2101141,1,3,2,1,4,3,4,4,3,3,3,4,4,3,4,4,5,4,2,5,5,5,5,5,2,41,10,3
2101142,2,2,1,2,2,2,4,2,3,3,2,2,3,3,1,5,5,5,2,3,4,4,5,5,2,50,9,3
2101143,1,1,2,2,1,1,1,2,2,3,1,1,1,1,2,5,5,4,2,5,5,5,4,1,2,32,9,3
2101151,2,2,2,1,1,1,4,3,3,2,2,1,1,1,2,4,4,4,2,4,5,5,4,4,2,36,9,3
2101152,1,2,2,1,1,1,1,1,1,1,1,1,1,1,1,4,4,4,2,1,4,5,5,1,2,39,10,3
2101162,1,2,2,2,1,1,1,2,1,1,1,1,1,1,1,4,4,4,2,1,4,4,1,4,2,68,9,2
2101163,2,2,2,1,2,2,4,4,2,4,1,1,1,1,1,1,1,1,2,1,3,5,5,4,1,27,7,1
2101171,1,1,2,1,3,3,2,3,4,1,1,5,1,4,4,4,4,4,2,4,5,5,5,3,2,49,5,2
2101172,2,2,2,1,4,2,5,5,2,5,4,4,2,2,2,2,5,3,2,1,2,5,5,5,1,31,7,2
2101173,2,2,2,1,1,1,4,2,1,1,1,1,1,2,1,2,3,1,1,1,1,3,5,5,1,26,7,1
2101181,4,2,2,1,2,1,3,3,2,3,2,2,1,1,1,3,3,2,1,1,1,4,4,4,1,50,7,2
2101182,1,2,2,1,1,2,5,3,2,3,2,1,3,1,1,4,2,3,2,3,3,4,4,5,2,27,9,3
2101183,3,2,2,1,2,2,5,2,3,3,3,2,2,2,2,4,3,3,2,1,3,4,4,5,2,34,9,3
2101191,1,2,1,1,1,1,3,3,3,1,1,1,1,1,1,3,1,1,1,3,4,4,5,5,2,54,4,3
2101192,1,2,2,2,4,1,3,4,1,1,1,1,1,1,1,5,5,3,2,1,3,3,5,5,1,36,3,1
2101193,1,2,2,1,2,1,4,4,3,3,3,3,2,2,2,5,5,4,1,2,3,3,5,2,1,25,8,2
2101201,1,2,1,1,1,1,5,3,1,2,1,2,1,1,1,3,3,4,1,1,2,3,4,3,2,39,6,2
2101202,1,2,1,2,1,1,3,2,3,3,1,1,1,2,1,3,3,3,1,1,1,5,5,4,2,26,5,1
2101203,2,2,2,1,3,3,3,3,3,2,2,3,3,3,2,3,3,3,1,2,3,3,5,3,1,54,5,1
2101211,2,2,1,1,2,1,4,3,1,3,2,3,1,1,1,5,5,3,2,1,3,3,5,5,1,26,4,1
2101212,1,2,2,1,1,1,1,1,1,1,1,1,3,1,1,1,1,1,1,1,3,5,4,4,1,39,3,1
2101213,2,2,2,1,1,1,2,1,1,1,1,2,1,1,2,2,2,1,2,1,1,1,1,5,2,22,9,2
2101221,3,2,2,2,2,2,3,4,3,3,2,2,1,1,2,4,4,4,2,2,1,3,4,5,1,22,5,1
2101222,1,2,2,1,1,1,5,3,1,3,1,1,1,1,1,3,3,3,1,1,3,4,3,5,1,23,7,3
2101223,1,2,2,1,1,1,2,1,1,1,2,2,1,2,3,3,3,3,1,1,3,5,5,5,2,31,5,2
2101231,3,2,2,1,2,1,4,4,1,2,2,2,1,1,1,4,4,4,2,1,3,5,5,5,2,27,7,2
2101232,4,1,2,2,4,3,5,4,3,3,3,3,2,2,2,4,4,4,2,4,2,4,4,3,1,33,9,1
2101233,1,2,2,,3,1,4,3,4,3,1,4,1,1,1,5,4,4,1,1,1,3,5,4,2,41,9,1
2101241,1,2,2,1,2,1,3,3,2,3,2,2,1,1,1,3,1,2,2,1,1,5,5,4,2,43,4,2
2101242,1,2,2,1,2,1,4,3,3,2,2,2,1,1,2,2,4,2,1,1,3,5,4,3,2,37,7,1
2101243,1,2,2,1,2,1,4,2,1,2,1,4,1,2,1,1,4,4,2,1,3,5,5,3,1,70,3,1
2101251,1,2,2,1,1,1,1,1,1,4,1,1,4,1,1,1,1,1,2,2,3,4,4,1,2,44,5,1
2101254,1,2,2,1,1,1,4,1,,1,1,3,1,1,1,4,4,5,1,2,1,1,5,5,2,47,5,1
2101255,1,2,2,1,1,1,4,3,3,3,1,1,1,1,1,2,2,1,2,1,1,3,4,5,1,54,9,4
2101263,1,2,2,2,2,1,4,2,3,3,1,3,3,3,3,3,3,3,1,2,1,3,5,4,2,53,6,1
2101264,,1,2,1,2,1,1,3,1,2,1,1,1,1,1,1,1,3,1,1,2,5,5,2,1,19,5,1
2101265,1,2,2,1,1,1,3,1,1,3,1,4,1,1,1,5,5,5,2,2,2,5,4,2,2,51,4,3
3101013,1,2,3,2,3,1,4,3,2,2,2,5,1,1,1,4,2,4,1,4,2,3,5,5,1,35,9,2
3101021,1,1,1,1,1,1,4,1,1,1,1,1,1,1,1,5,5,5,1,1,4,4,3,5,2,49,3,2
3101023,1,2,1,1,2,1,4,4,1,1,1,4,1,1,1,4,5,3,1,3,3,4,5,5,2,41,2,2
3101033,1,2,2,1,1,1,3,5,3,3,1,,1,1,1,4,3,3,1,3,2,2,5,4,2,19,8,3
3101041,3,2,2,1,2,1,3,1,1,3,1,3,1,1,1,4,4,4,2,1,3,5,5,5,2,56,5,2
3101042,1,2,2,3,3,1,1,1,1,1,1,1,1,1,1,4,4,4,1,2,3,3,4,5,1,19,5,2
3101043,1,2,1,2,1,1,4,1,1,1,1,1,1,1,1,4,4,2,2,1,2,3,5,4,2,18,5,4
3101051,3,2,1,1,3,1,1,1,1,1,1,3,1,1,1,1,1,1,1,1,,,4,5,2,65,5,2
3101052,1,2,2,2,1,1,2,1,1,2,2,1,1,1,1,2,1,1,2,1,3,2,4,2,1,25,4,3
3101053,1,1,2,2,1,1,1,1,1,1,1,1,1,1,1,1,1,2,1,1,1,1,4,4,1,30,2,1
3101061,1,2,2,1,2,1,3,2,1,3,1,,1,1,1,3,3,3,2,1,3,3,4,4,2,49,4,1
3101062,1,2,2,1,1,1,4,2,1,1,1,3,1,1,1,5,4,3,1,1,4,5,5,3,2,51,5,2
3101072,1,2,2,1,1,1,2,3,1,1,1,1,1,1,1,2,3,3,2,1,1,1,4,4,2,64,3,3
3101082,2,2,2,2,2,1,2,2,2,2,2,2,2,2,2,3,3,3,2,3,3,4,4,4,1,38,6,2
3101093,3,2,2,2,4,2,2,2,3,3,2,2,2,2,3,4,4,4,2,3,3,4,4,4,1,29,9,2
3101101,1,2,2,1,1,1,3,1,1,1,1,1,1,1,1,4,5,5,1,1,4,3,5,4,2,51,5,3
3101102,1,1,1,2,1,1,5,1,2,5,1,1,1,3,1,4,,3,2,1,4,4,5,5,2,52,10,5
3101111,1,2,2,1,1,1,3,1,1,1,1,1,1,1,1,4,4,1,2,1,2,2,5,5,1,45,5,1
3101113,1,2,2,1,3,1,3,3,1,2,1,1,1,1,1,3,5,1,1,1,1,3,5,5,1,38,5,2
3101121,1,2,2,1,1,1,2,1,2,1,1,1,1,1,1,4,4,1,1,1,3,3,5,5,1,40,2,3
3101122,2,2,3,3,1,1,1,1,1,1,1,1,1,1,1,4,3,3,1,1,2,3,5,4,1,27,5,1
3101131,2,2,2,3,2,2,3,3,3,3,2,3,1,1,1,2,2,3,2,1,3,5,5,4,1,61,5,3
3101132,,2,2,1,,,3,3,,,,3,2,2,2,1,1,1,2,1,1,1,4,1,2,49,2,2
3101133,1,2,2,1,1,1,3,3,1,3,1,2,1,1,1,3,4,4,2,3,2,1,4,5,2,30,8,1
3101141,3,2,2,1,1,1,3,1,1,1,1,1,1,1,1,3,3,3,1,1,1,1,5,5,2,37,3,1
3101142,1,2,2,1,1,1,3,3,3,3,1,3,1,1,1,4,4,4,1,1,4,5,5,5,1,52,5,1
3101143,1,2,2,1,1,1,3,1,1,1,1,1,1,1,1,4,3,3,1,1,1,1,4,5,2,43,4,1
3101151,3,2,2,1,1,1,1,1,2,1,1,1,1,1,1,3,3,3,2,1,3,3,1,5,2,60,2,1
3101152,2,2,2,1,2,1,3,2,1,4,1,3,,2,2,4,3,4,1,1,1,5,4,4,2,45,3,2
3101153,1,2,1,3,3,1,3,3,1,2,3,3,3,3,3,5,4,1,2,2,1,2,4,5,2,48,4,2
3101171,,2,2,1,1,1,5,3,4,3,1,1,1,1,1,3,4,1,2,1,3,3,5,5,2,47,5,1
3101172,1,2,2,1,2,1,1,1,1,2,1,4,1,1,1,4,4,3,1,1,3,3,4,5,1,32,4,2
3101173,1,2,3,1,1,1,2,1,1,1,1,1,1,1,1,1,1,2,1,1,1,1,4,5,1,44,3,1
3101181,1,2,3,2,1,1,1,1,1,2,1,1,1,1,1,4,4,5,2,3,5,5,5,5,2,46,9,3
3101182,2,2,2,1,2,1,2,4,2,3,2,5,3,3,2,5,5,3,2,3,3,4,4,4,2,24,10,3
3101183,1,2,2,1,1,1,2,3,2,1,1,4,1,1,2,4,4,4,1,4,5,5,5,5,1,23,7,2
3101191,1,2,2,1,1,1,4,1,1,1,1,1,1,1,3,4,4,4,2,3,3,3,5,2,2,24,5,3
3101192,1,2,2,1,1,1,5,1,1,1,1,4,1,1,1,3,3,2,2,3,4,5,4,5,2,50,2,3
3101201,1,2,2,1,1,1,1,1,1,1,1,1,1,1,1,3,3,3,1,1,3,3,5,3,1,46,5,1
3101202,1,2,2,1,1,1,1,1,1,2,1,1,1,1,1,4,3,3,1,1,4,4,5,5,1,69,3,1
3101203,1,2,2,3,1,1,3,4,1,1,1,1,1,1,1,5,3,2,2,1,1,4,5,5,2,49,7,2
3101211,2,2,2,2,1,1,5,4,1,1,1,2,1,1,1,4,5,4,1,1,1,1,3,3,2,25,5,1
3101212,1,2,2,1,1,1,3,1,1,2,1,1,1,1,1,4,4,4,1,1,2,3,4,5,1,47,3,1
3101213,1,2,2,1,1,1,5,1,5,3,1,1,1,3,3,3,3,4,1,1,1,3,5,5,2,36,9,4
3101221,3,2,2,1,3,1,4,1,2,2,1,2,2,2,2,3,3,3,2,5,5,5,5,5,1,59,4,3
3101222,1,1,2,3,1,1,2,3,2,1,1,1,1,1,2,3,3,3,2,5,5,5,2,,1,25,8,3
3101231,1,2,2,2,1,1,3,1,1,1,1,1,1,1,1,3,4,3,2,4,4,4,5,2,2,34,9,3
3101232,1,2,2,1,1,1,3,2,2,2,1,1,1,1,1,3,,1,2,1,1,5,5,5,2,31,5,3
3101233,2,2,2,2,2,2,4,3,3,3,3,3,1,3,3,3,3,3,2,2,4,4,5,2,1,59,9,4
3101241,3,2,1,1,3,3,3,3,3,2,2,3,3,2,2,2,2,2,1,2,1,3,4,3,1,38,5,1
3101242,1,2,2,2,1,1,1,1,1,3,1,1,1,1,2,5,3,4,1,1,1,1,5,5,1,24,4,1
3101243,1,2,2,1,2,1,2,2,2,1,1,3,1,1,1,4,4,3,1,1,1,1,4,4,2,59,4,2
3103013,1,1,1,2,1,1,3,2,1,1,1,4,1,1,1,4,3,5,2,4,4,4,5,5,1,52,3,1
3103021,,2,2,3,3,,4,3,,2,,3,,,,2,,3,1,1,3,3,4,4,2,43,2,1
3103022,1,2,2,1,4,1,4,3,1,1,1,5,1,1,1,4,4,3,2,1,3,5,5,5,1,74,2,1
3103023,2,2,2,1,2,2,4,2,2,2,2,1,,,,2,2,1,2,1,1,1,4,4,2,59,2,1
3301011,3,2,3,2,3,1,3,3,3,3,3,3,1,1,1,1,1,1,1,2,1,3,4,4,1,42,5,2
3301012,3,2,3,1,1,1,3,,3,3,3,3,1,1,1,1,3,1,1,1,1,1,5,5,2,36,7,1
3301013,1,2,2,1,1,1,2,1,1,1,1,1,1,1,1,3,3,3,,1,1,1,5,5,1,58,4,1
3301021,1,2,2,1,1,1,3,1,1,1,1,1,1,1,1,3,4,1,1,1,1,1,4,5,1,28,8,3
3301023,1,2,2,1,1,1,4,2,1,1,1,2,2,1,1,4,4,4,2,3,5,5,5,5,1,61,9,1
3301031,1,2,2,1,1,1,2,3,1,3,1,3,1,2,2,3,4,2,2,1,3,3,4,4,2,52,5,2
3301032,1,2,1,1,2,1,4,4,4,1,1,3,1,1,1,4,4,2,2,2,5,5,4,4,2,66,5,3
3301041,1,2,3,3,1,1,2,2,1,1,1,1,1,1,1,3,1,1,1,1,3,5,2,5,2,54,3,3
3301043,1,2,1,1,2,1,4,,3,2,1,4,1,1,1,3,3,3,2,1,1,4,5,5,2,55,5,1
3301051,5,2,2,2,2,1,4,3,3,2,2,2,1,1,1,3,3,2,1,1,3,3,5,5,2,39,5,2
3301052,3,2,2,1,2,2,3,4,2,3,2,3,1,1,3,5,5,5,2,1,3,4,4,5,2,39,5,2
3301053,3,2,1,1,1,1,3,4,1,4,1,1,1,1,1,3,4,3,2,4,5,5,5,3,2,32,8,2
3301062,3,2,2,1,1,1,3,1,2,3,1,5,1,1,1,3,3,3,2,3,5,5,5,5,2,44,6,2
3301063,3,3,2,3,3,3,3,3,3,3,3,3,1,2,1,4,4,4,1,1,3,4,5,5,1,33,5,1
3301073,1,1,2,3,1,1,2,1,2,1,1,5,1,1,1,5,5,5,2,1,1,1,5,1,2,59,9,4
3301074,1,2,2,1,1,1,1,1,1,1,1,1,1,1,1,2,2,2,,1,3,3,4,5,2,55,5,2
3301081,1,1,2,1,2,1,2,2,3,3,2,3,1,1,1,5,5,5,2,1,4,3,5,5,2,28,6,2
3301083,,2,2,2,1,1,4,3,3,2,1,1,1,1,1,3,3,3,2,1,3,3,4,4,1,71,2,1
3301091,1,2,3,,1,1,5,,,,,,1,1,1,1,1,1,2,1,2,1,4,3,2,71,2,1
3301093,1,2,2,1,1,1,3,1,1,1,1,1,1,1,1,5,2,1,2,1,1,4,5,5,2,57,3,2
3301101,1,2,2,1,1,1,3,2,1,1,1,1,1,1,1,4,,1,2,1,3,4,5,1,1,63,3,2
3301102,1,2,2,1,1,1,1,1,1,1,1,3,1,1,1,2,5,3,2,5,5,5,5,5,1,54,5,1
3301103,1,2,1,2,1,1,4,3,1,3,1,1,1,1,1,3,3,3,2,2,4,4,5,4,2,46,5,2
3301111,1,2,2,1,1,1,1,1,1,1,1,1,1,1,1,3,3,3,1,1,3,3,5,2,2,43,4,3
3301113,,1,2,2,2,1,3,,,,,3,,,,3,3,3,2,,2,2,3,3,2,70,4,1
3301121,1,2,2,2,2,1,4,3,3,3,3,1,2,2,1,3,,3,2,1,1,5,5,5,1,42,6,2
3301122,1,2,3,3,2,1,3,3,1,2,1,1,1,1,1,4,3,3,2,1,3,4,5,5,1,53,5,3
3301123,,2,2,3,1,1,3,1,3,1,1,1,1,1,1,1,4,1,1,1,3,3,4,5,2,63,3,3
3301131,3,2,3,3,3,2,3,2,3,2,2,3,2,2,2,3,2,2,1,1,1,3,5,3,1,22,5,2
3301141,1,2,3,1,1,1,5,1,1,1,1,1,1,1,1,1,5,2,1,1,3,4,4,4,2,56,5,3
3301142,1,3,2,1,1,1,3,1,1,3,1,1,1,1,1,3,3,3,2,1,2,5,5,5,1,41,5,1
3301143,1,2,2,1,1,1,2,1,1,1,1,3,1,1,1,4,3,2,2,1,2,5,4,3,2,50,3,2
3301151,3,2,2,1,2,1,4,1,2,2,1,2,1,1,1,3,3,3,2,1,2,1,5,5,2,39,3,2
3301152,1,2,2,2,1,1,2,2,1,2,1,1,1,1,1,2,,1,2,1,3,5,5,5,1,38,7,1
3301153,1,2,2,1,1,1,2,1,1,2,1,1,1,1,1,,,3,2,1,3,3,5,3,1,51,5,3
3301161,1,2,2,1,1,1,3,3,1,3,2,1,1,3,3,2,3,3,,2,2,4,5,5,2,50,5,3
3301162,1,3,1,3,1,1,5,1,1,3,1,1,1,1,1,3,4,4,2,1,3,4,5,5,1,62,4,3
3301163,1,2,2,1,1,1,3,2,1,2,1,1,1,1,1,1,1,1,1,1,2,2,5,5,1,20,6,3
3301171,2,2,2,1,4,1,5,2,3,3,2,5,1,1,1,3,3,3,2,3,5,5,4,,1,69,4,3
3301172,4,2,2,1,4,1,4,1,4,3,3,4,1,1,1,4,4,4,2,1,3,3,3,4,2,70,5,2
3301173,1,2,2,1,1,1,3,2,1,1,1,1,1,1,1,1,4,1,1,1,1,1,1,1,2,54,5,3
3301183,2,2,2,1,1,1,3,1,1,1,1,3,1,1,1,3,,1,2,2,3,3,4,5,2,58,3,1
3301191,1,2,2,1,1,1,1,3,1,1,1,1,1,2,1,1,5,1,2,1,2,1,5,5,2,54,3,2
3301192,1,2,2,2,1,1,3,1,1,1,1,1,1,1,1,2,2,3,2,3,3,5,5,4,2,28,9,1
3301193,1,2,1,1,1,1,1,1,1,1,1,1,1,1,1,3,3,2,2,1,1,3,3,4,2,44,1,1
3301201,1,2,2,1,1,1,3,5,1,2,1,1,1,1,1,3,3,2,2,1,4,4,1,4,1,74,5,1
3301202,1,2,2,1,1,1,1,1,1,1,1,1,1,1,1,1,3,2,2,1,2,4,2,3,1,54,4,1
3301203,1,2,2,1,1,1,1,1,1,1,1,1,1,1,1,1,1,1,1,1,1,1,5,1,2,74,1,1
3301211,3,2,2,1,3,1,3,3,3,3,1,3,1,1,1,3,3,1,1,1,1,3,5,3,1,22,9,3
3301212,1,3,3,3,1,1,2,1,1,1,1,1,1,1,1,5,5,5,1,1,1,1,5,5,2,27,5,1
3301213,1,2,2,1,2,1,3,1,1,3,1,2,1,1,1,5,3,2,2,1,3,3,5,5,2,42,4,2
3301221,2,2,2,1,1,2,2,2,3,1,2,2,1,1,1,3,3,2,1,1,1,3,4,5,2,46,5,1
3301223,1,3,3,1,2,2,4,2,1,3,2,1,1,1,1,5,5,5,2,1,3,4,5,5,2,40,5,2
3301231,1,3,3,3,1,1,1,3,1,3,1,3,1,1,1,4,4,3,1,1,3,4,5,5,1,19,8,1
3301232,1,2,2,1,3,1,5,1,1,1,1,3,1,1,1,4,4,3,2,1,3,5,5,5,2,62,2,1
3301233,2,2,2,1,1,1,3,1,1,1,1,1,1,1,1,2,3,1,2,1,1,3,2,5,1,44,5,2
3301241,1,2,2,1,1,1,4,3,3,3,3,1,1,1,1,4,4,4,2,1,4,5,3,5,2,51,5,3
3301243,2,2,1,2,2,1,4,2,2,2,1,2,1,1,1,5,5,3,2,1,2,5,5,5,2,46,4,1
3301251,2,2,2,1,4,1,3,1,1,1,1,4,1,1,1,5,5,,1,1,2,5,5,5,2,60,4,2
3301252,3,2,2,3,1,1,4,,1,1,1,3,1,1,1,3,3,3,2,1,3,5,5,4,2,60,2,2
3301253,1,2,2,1,1,1,3,1,1,1,1,1,1,1,1,3,3,1,2,1,3,3,5,3,1,52,2,1
4101021,3,2,2,1,2,1,4,2,2,2,1,2,1,1,2,5,5,5,2,3,3,4,5,5,2,40,9,4
4101023,1,2,2,1,2,1,3,1,2,2,2,2,1,1,1,4,4,3,1,2,3,4,5,4,1,38,7,3
4101031,1,2,2,1,1,1,3,2,2,1,1,1,4,1,1,2,3,2,2,3,4,5,5,5,1,67,3,1
4101032,3,2,2,1,2,1,4,3,3,1,1,3,1,1,1,3,3,3,2,2,3,4,5,5,1,68,3,3
4101033,2,2,2,1,1,1,3,2,1,2,1,1,1,1,1,3,3,2,2,2,1,2,5,5,2,68,5,2
4101034,1,2,2,1,1,2,4,1,2,1,2,1,5,1,1,1,2,1,2,4,5,5,5,5,2,60,4,3
4101041,3,2,2,1,2,1,2,3,3,1,1,3,1,1,1,4,4,2,1,1,2,2,5,5,2,31,5,1
4101042,1,2,2,1,1,1,4,1,1,1,1,1,1,1,1,5,5,5,2,2,3,5,5,5,2,43,7,4
4101044,2,2,2,1,2,1,3,1,2,1,1,2,1,1,1,3,4,3,2,1,3,5,5,5,2,44,5,3
4101045,1,2,2,1,1,1,1,4,1,1,1,1,1,1,1,5,4,2,2,1,2,4,5,5,1,29,5,4
4101053,4,2,2,1,2,1,2,4,3,2,1,3,1,1,1,4,4,4,1,1,1,2,5,5,2,27,5,3
4101054,1,2,2,1,1,1,3,4,3,1,1,1,1,1,1,2,3,2,2,2,3,5,5,5,1,60,4,2
4101055,1,3,2,1,1,1,3,1,1,1,1,1,1,1,1,5,3,1,2,2,2,5,5,5,2,35,5,3
4101057,2,2,3,1,2,1,3,2,1,2,1,3,1,1,1,2,4,2,1,1,1,3,5,5,2,66,5,1
4101062,2,2,2,1,4,1,4,4,3,3,2,4,2,2,3,4,5,2,2,4,5,5,5,5,1,64,8,3
4101065,1,2,2,1,1,1,3,1,1,1,1,1,1,1,1,4,4,3,1,1,2,3,5,5,2,42,5,2
4101071,2,2,2,1,2,1,3,1,1,3,1,2,1,1,1,4,4,3,1,1,3,5,5,5,1,48,9,3
4101083,3,2,2,2,1,2,4,1,2,3,1,2,2,2,2,2,3,3,1,1,2,4,5,5,1,41,7,1
4101111,4,2,2,1,2,2,2,1,2,1,1,,1,1,1,1,1,2,2,2,1,1,5,5,1,55,2,3
4101113,1,2,2,1,1,1,1,1,1,3,2,3,1,1,1,1,1,1,2,1,1,3,5,5,1,67,2,1
4101131,1,2,2,2,2,1,2,2,2,3,3,2,1,1,3,1,1,1,1,1,3,3,5,5,2,30,2,1
4101133,2,2,2,1,1,1,4,3,3,3,2,2,1,1,1,3,3,1,1,1,3,3,5,5,1,37,5,3
4101134,2,2,2,2,3,1,3,5,2,3,3,4,1,1,1,4,3,3,2,3,2,3,3,3,2,29,5,2
4101135,1,2,2,2,1,1,4,2,1,1,1,1,1,1,1,1,1,1,1,1,3,1,4,4,1,49,5,1
4101141,1,2,2,1,1,1,2,2,1,1,2,2,1,2,1,2,2,2,1,1,3,4,4,2,2,42,5,2
4101143,3,2,2,1,3,1,2,1,2,2,2,4,1,2,1,1,3,3,2,1,3,3,5,5,1,73,4,2
4102013,1,1,3,2,2,2,4,3,2,3,3,2,2,3,2,3,4,3,2,3,3,4,5,4,1,22,7,3
4102033,1,2,2,1,1,1,5,1,1,3,1,1,1,1,1,4,3,4,1,1,1,1,5,5,2,50,7,1
4102051,5,2,2,2,4,4,4,4,4,4,4,4,3,3,3,3,3,3,2,4,4,5,5,5,2,61,7,2
4102052,2,2,2,1,2,1,3,1,1,1,1,1,1,1,1,1,2,2,2,2,2,2,4,4,2,55,5,1
4102053,2,2,2,1,2,1,5,1,2,1,1,2,1,1,1,4,3,4,2,1,1,2,5,5,2,70,2,1
4102055,1,2,2,1,1,1,4,1,1,1,1,2,1,1,1,4,4,4,2,1,2,3,5,5,2,41,5,2
4102065,1,2,2,1,1,1,4,1,1,1,1,1,1,1,1,4,4,4,1,1,1,3,5,5,1,34,7,1
4102073,2,2,2,1,1,1,4,3,2,1,3,1,4,1,1,4,4,4,2,2,3,5,5,5,2,72,3,1
4102081,3,2,2,1,1,1,4,2,3,1,3,3,1,1,2,3,2,3,2,1,1,1,4,5,2,61,1,1
4102082,1,2,2,1,2,1,5,2,1,1,1,4,2,1,1,1,1,1,2,1,1,1,4,4,1,39,3,3
4102083,3,2,2,1,2,1,3,2,1,1,1,3,1,2,2,2,2,2,2,1,3,5,4,4,2,67,6,2
4102091,3,2,2,1,1,1,3,3,2,1,1,1,2,2,2,4,4,2,1,3,3,3,4,3,1,22,8,3
4102102,1,2,2,1,2,1,4,3,3,3,3,1,1,1,1,1,3,3,1,1,1,3,5,5,1,33,7,4
4102103,1,2,2,1,1,1,1,1,1,2,1,1,1,1,1,1,1,1,1,1,5,4,4,5,1,36,5,3
4102112,3,2,1,1,1,1,1,1,1,1,1,1,1,1,1,3,1,1,1,1,1,1,5,5,1,46,2,1
4102121,2,2,2,2,5,4,4,3,3,3,3,4,2,5,5,5,4,4,2,5,5,5,5,2,1,50,10,4
4102122,1,2,2,3,1,1,4,4,1,1,1,1,1,1,1,4,4,3,2,3,1,4,1,5,2,37,9,4
4106011,2,2,3,1,3,1,2,1,1,1,1,3,1,1,1,1,1,1,2,3,3,4,4,4,2,63,4,1
4106014,1,2,2,1,1,1,2,2,2,3,1,1,1,1,3,2,3,1,2,1,3,2,3,2,1,52,5,3
4106022,1,1,1,2,3,1,4,1,2,1,1,3,1,1,1,3,4,4,1,2,2,3,5,2,2,65,8,3
4106023,3,2,2,1,3,2,5,5,3,2,3,3,3,3,3,5,3,1,1,3,3,4,3,4,2,31,7,3
4106025,3,2,2,1,3,2,4,4,2,3,3,4,2,3,3,4,4,2,2,3,4,3,5,5,2,48,7,3
4106032,1,2,2,1,2,2,2,3,3,3,3,3,2,2,2,5,5,3,1,2,1,3,4,3,2,30,6,1
4106041,3,2,2,2,4,3,4,4,2,3,3,4,1,3,1,3,3,3,2,1,1,3,4,4,1,71,2,
4106042,,2,2,1,1,2,1,1,1,1,2,2,1,1,1,2,3,1,2,1,2,1,3,2,1,61,3,2
4106053,3,2,3,2,1,1,4,3,3,3,3,2,3,1,1,3,1,3,2,1,1,1,4,4,2,69,5,3
4106062,1,2,2,2,1,1,5,2,2,2,2,1,1,1,1,4,4,4,2,1,1,1,3,4,2,57,7,3
4106063,3,2,3,3,1,2,3,2,3,3,2,3,2,2,2,4,,3,1,1,1,2,5,5,2,24,7,3
4106065,3,2,2,2,3,1,3,2,2,3,3,3,1,3,3,1,1,1,2,2,4,4,4,5,1,51,4,1
4106071,4,2,2,,4,3,4,3,3,3,3,4,2,3,3,4,2,4,2,3,3,3,4,4,1,54,8,6
4106083,1,2,2,1,2,1,3,3,1,2,1,3,1,1,1,3,2,2,1,1,1,4,4,3,2,68,5,1
4106094,1,2,2,3,2,1,3,3,3,3,2,2,1,2,2,2,3,1,2,2,3,4,4,4,1,60,6,1
4106101,2,2,2,1,3,3,2,3,3,3,3,3,3,3,3,3,2,2,2,4,3,3,4,4,1,30,9,4
4106102,1,2,2,1,2,1,2,2,2,1,1,1,1,1,1,1,1,1,2,1,1,4,5,1,2,45,2,1
4106103,2,2,2,2,3,1,5,2,2,3,3,3,2,2,2,3,3,4,1,4,3,4,4,4,2,46,4,3
4106111,4,2,1,2,4,2,3,4,3,2,3,4,3,3,3,3,3,3,2,3,3,3,4,4,2,56,5,3
4106112,4,1,1,2,4,2,2,3,2,3,2,4,2,2,2,3,3,3,2,2,3,3,4,4,2,34,7,3
4106113,1,2,2,1,1,1,2,5,1,1,1,1,1,2,1,3,4,1,2,3,5,5,5,5,2,74,5,2
4204011,1,2,1,1,3,2,2,3,2,3,3,3,2,2,2,4,3,3,2,1,1,3,4,4,2,34,6,2
4204012,3,2,2,1,4,3,5,4,3,4,4,4,5,3,5,4,4,4,2,5,5,5,4,4,1,37,10,3
4204013,4,2,2,1,2,1,3,1,2,1,1,2,1,1,1,1,3,2,2,1,1,1,4,4,1,58,4,1
4204021,,2,2,1,,,,,,,,,,,,5,5,5,1,1,1,1,5,1,1,61,6,2
4204023,3,2,2,1,2,1,4,4,3,4,1,4,3,3,3,4,5,2,2,3,3,4,5,5,2,51,4,3
4204031,3,2,2,1,2,1,3,1,2,4,2,2,1,1,1,3,4,2,2,1,1,3,5,5,2,62,9,3
4204032,1,2,2,1,2,2,4,5,1,4,1,2,1,1,1,5,5,3,2,3,3,4,5,5,1,54,5,3
4204042,1,2,2,1,1,1,1,1,1,3,3,3,1,1,1,2,1,3,1,1,1,1,4,4,2,28,8,1
4204043,4,2,2,1,2,2,4,1,1,2,1,1,1,1,1,2,4,1,2,1,2,3,4,4,1,67,7,3
4204051,3,2,2,2,2,1,5,2,2,2,2,2,2,2,2,2,2,2,1,1,1,1,5,1,1,27,5,3
4204052,,2,1,,1,1,,1,1,1,1,1,1,1,1,,,1,2,1,1,1,3,3,2,58,2,1
4204053,4,2,2,1,1,1,3,1,1,1,1,1,1,1,1,1,1,1,2,1,1,1,5,5,2,45,3,1
4204061,1,2,2,1,1,1,3,1,1,1,1,1,1,1,1,1,5,1,1,1,5,4,5,1,2,53,3,1
4204063,3,2,2,1,1,1,3,1,1,2,1,2,1,1,1,2,3,2,1,1,1,2,5,5,2,47,5,1
4204071,2,2,2,1,1,1,4,2,3,1,1,1,1,1,1,,,,2,1,1,3,4,4,2,50,8,2
4204072,1,2,2,1,2,2,4,4,2,3,2,2,1,2,2,2,1,2,2,1,1,1,4,4,2,32,5,2
4204081,1,2,1,2,1,1,4,2,3,2,1,2,1,1,1,3,3,3,1,1,1,5,5,4,2,53,5,3
4204082,5,2,2,3,1,1,3,2,1,2,1,2,1,2,1,3,3,3,2,1,1,2,4,4,2,45,6,1
4204083,1,2,2,1,1,2,4,3,1,1,1,1,1,1,1,1,2,2,2,1,1,3,3,3,2,43,5,2
4204091,2,2,2,1,1,1,5,1,2,3,1,2,1,1,1,1,,1,1,1,1,2,4,4,2,65,3,1
4204092,2,2,2,1,1,1,3,1,1,1,1,2,1,1,1,2,3,3,2,1,1,2,5,5,2,48,5,2
4204093,2,2,2,1,2,1,3,2,1,1,1,1,1,1,1,2,1,2,2,1,1,1,5,2,2,74,2,1
4204101,1,2,2,1,1,1,3,1,1,1,1,1,1,1,1,3,4,4,1,1,4,5,4,4,1,37,6,2
4204102,3,2,1,2,2,1,4,3,2,3,1,2,1,1,1,3,3,3,1,1,1,1,4,5,2,37,7,2
4204103,2,2,2,1,1,1,3,3,3,1,1,1,1,1,1,1,1,1,2,1,1,2,5,5,1,59,2,2
4204112,3,2,2,1,2,1,3,1,1,1,1,3,1,1,1,2,3,3,2,1,1,1,4,4,1,68,9,4
4204113,4,2,2,1,1,1,5,1,1,1,1,2,1,1,1,1,1,1,2,3,3,3,4,4,1,59,2,1
4301011,,2,3,3,2,1,2,1,1,1,1,3,1,1,1,1,1,1,2,1,1,1,5,5,2,81,7,1
4301012,1,2,2,2,1,1,3,1,1,1,1,1,1,1,1,1,1,1,,1,1,1,2,4,1,47,5,3
4301013,5,3,2,3,4,,3,,,2,3,4,1,1,1,1,1,1,2,1,1,1,5,5,2,88,7,1
4301021,,2,2,1,1,1,1,1,1,1,1,1,1,1,1,1,1,1,1,1,1,3,5,5,2,43,3,1
4301022,1,2,2,1,1,1,1,4,1,1,1,1,1,1,1,3,3,1,2,2,2,1,4,2,2,42,5,3
4301023,4,2,2,1,3,1,4,4,3,3,3,3,1,2,1,2,2,2,2,1,2,4,5,4,2,32,7,3
4301032,3,2,2,1,4,3,3,3,1,1,1,4,1,3,4,1,1,2,2,2,2,5,5,5,2,59,3,2
4301033,4,2,2,1,4,2,4,,3,2,2,4,2,2,2,2,4,3,2,1,1,5,3,5,2,57,2,2
4301042,2,2,2,2,1,2,3,3,3,2,2,1,3,1,1,3,3,2,2,4,4,5,5,5,2,28,8,6
4301043,1,1,2,2,5,1,1,1,1,2,1,2,1,1,1,4,4,4,2,4,3,3,5,1,1,53,9,3
4301051,1,2,2,3,1,1,3,3,2,2,2,3,2,2,1,2,3,2,2,1,1,4,5,5,2,49,4,1
4301052,1,2,2,1,1,1,2,1,1,1,1,1,1,1,1,1,1,1,2,1,1,2,5,5,2,50,2,
4301053,1,2,2,3,2,2,1,1,1,2,1,1,,,,3,,2,2,1,1,1,4,4,2,26,5,1
4301061,5,2,2,1,4,3,4,3,3,3,3,4,2,3,2,4,4,3,2,4,4,5,4,4,1,54,9,6
4301062,2,1,2,1,2,2,5,3,3,2,2,3,2,2,2,2,2,2,2,4,3,4,4,5,1,41,9,6
4301071,3,2,2,2,3,1,3,1,2,1,1,3,1,1,2,1,1,1,2,2,3,5,5,5,1,44,5,2
4301072,1,2,2,1,2,1,5,,3,1,1,4,2,2,1,4,1,1,2,1,1,5,5,5,2,73,4,1
4301081,1,2,2,1,2,1,2,1,1,1,1,1,2,2,2,2,2,1,2,1,1,1,5,5,2,46,3,2
4301082,2,2,2,3,1,1,4,4,1,1,1,1,1,1,1,,1,1,2,1,1,3,5,5,2,39,5,2
4301083,1,2,2,1,1,1,2,3,1,1,1,3,1,1,1,3,3,4,1,1,1,1,5,5,2,44,3,1
4301091,2,2,2,1,2,1,3,3,2,3,1,2,1,1,1,3,3,1,2,2,5,5,4,4,2,64,7,2
4301092,2,2,1,1,3,1,5,3,3,3,1,1,3,3,3,3,3,1,1,1,3,3,5,1,2,41,2,3
4301121,2,2,2,2,1,1,5,2,2,3,3,3,2,2,1,3,2,4,2,1,3,5,5,5,2,45,9,5
4301122,1,2,1,1,1,1,5,1,1,3,1,1,1,1,1,3,3,1,1,1,1,1,4,2,2,32,7,3
4301141,1,2,1,1,1,1,3,4,2,2,1,2,1,2,3,3,2,2,2,1,3,3,5,4,2,35,5,3
4301142,1,2,2,1,1,1,2,1,3,2,2,1,1,1,1,1,1,1,2,1,2,2,5,1,2,39,5,3
4301143,,2,2,1,1,1,3,4,5,3,1,1,1,1,1,4,2,2,1,1,1,1,4,4,2,36,5,3
4301152,1,2,2,2,1,1,1,1,1,3,1,1,1,1,1,1,1,1,1,1,3,4,5,5,2,33,9,3
4301153,2,2,2,1,1,2,1,1,1,1,1,1,1,1,1,4,4,4,2,4,5,5,4,2,2,28,5,3
4301162,2,2,1,1,3,1,1,1,1,2,1,2,2,1,1,3,3,3,2,1,1,2,4,4,1,51,4,1
4301164,1,2,1,1,1,1,3,3,1,3,1,3,1,1,1,3,1,1,2,1,2,2,1,4,2,38,4,2
4301171,1,2,2,1,1,1,3,3,3,3,3,3,1,1,1,1,1,1,2,1,1,1,5,5,1,57,3,1
4301172,3,2,2,2,3,3,3,3,3,3,3,3,3,3,3,3,3,3,2,3,3,4,5,3,1,22,5,2
4301173,1,2,2,3,1,1,1,1,1,1,1,1,1,1,1,3,3,1,1,1,1,1,4,4,2,20,3,1
4301182,5,2,2,2,3,1,3,3,1,2,1,3,1,1,1,3,3,3,2,1,1,1,1,5,2,36,5,2
4301183,2,2,2,1,3,1,3,,2,2,2,2,,,,,,,2,2,2,2,3,3,1,51,5,3
4301184,3,2,2,1,3,1,2,1,1,1,1,2,1,1,1,3,1,1,2,1,1,1,5,2,2,72,1,2
4301185,2,2,2,1,2,2,4,1,1,1,1,2,1,1,1,5,5,5,2,2,2,2,5,1,2,36,5,2
4301191,3,2,2,2,3,1,4,1,3,2,3,4,1,1,1,4,4,4,2,3,2,2,4,1,2,59,5,3
4301192,1,2,2,2,1,3,4,2,1,1,1,1,1,1,1,1,1,1,2,4,4,1,4,1,2,25,8,3
4301194,2,1,2,1,3,3,3,1,1,4,1,4,2,2,2,3,4,3,1,2,3,5,4,5,1,55,9,3
4301201,2,2,2,1,1,1,3,1,1,1,1,1,1,1,1,1,1,1,2,2,3,5,5,5,2,54,6,3
4301202,3,2,1,1,1,1,4,4,1,2,1,1,2,1,1,2,1,2,2,1,1,4,3,3,2,38,5,1
4301203,1,2,2,1,1,1,3,1,1,1,1,1,1,1,3,4,4,1,1,3,5,5,5,3,1,27,9,3
4301211,2,2,2,1,3,1,5,3,3,3,3,3,1,1,1,1,1,1,2,1,1,1,4,4,2,53,6,3
4301212,2,2,2,1,1,1,1,1,1,1,1,1,1,2,1,5,5,5,1,1,1,4,5,5,2,25,3,3
4301213,1,2,1,2,4,2,4,1,3,1,4,4,1,1,1,1,1,1,2,1,1,1,4,5,2,63,4,4
4301221,3,2,2,1,4,1,3,1,3,3,3,3,1,1,1,3,1,1,2,1,1,5,5,5,2,44,5,3
4301222,1,2,2,2,1,1,1,1,1,1,1,1,1,1,1,,5,5,2,1,1,1,1,1,1,49,4,1
4301223,1,2,2,1,2,1,4,1,2,2,1,2,,,,5,5,3,1,1,2,2,5,5,2,36,3,1
4301233,2,2,2,2,2,1,4,3,1,3,1,3,1,1,1,3,3,3,2,1,3,3,3,1,2,59,5,3
4301234,1,2,2,1,1,1,3,3,1,1,1,1,1,1,1,3,3,2,1,2,3,4,5,1,2,40,4,4
4301235,1,2,2,1,1,1,3,1,3,1,1,1,1,1,1,4,4,4,1,1,4,4,5,5,2,42,9,3
4301243,3,2,3,1,2,1,2,1,1,1,1,2,1,1,1,1,1,1,2,2,3,5,4,4,2,43,5,4
4301251,2,2,2,1,1,1,3,1,1,1,1,2,1,1,1,1,4,2,2,1,1,3,5,5,2,45,3,1
4301252,3,2,2,1,5,2,3,2,2,2,2,4,1,2,2,1,2,3,2,2,3,3,5,5,2,54,3,1
5101012,3,2,3,3,2,1,3,1,1,1,1,1,1,1,1,1,,1,2,1,1,1,5,1,2,65,7,3
5101014,1,3,2,3,1,1,1,1,3,1,3,1,1,1,1,3,3,3,2,5,2,5,3,3,1,21,8,3
5101015,4,2,2,1,3,1,3,3,1,1,1,3,1,2,2,1,4,3,2,1,3,4,3,1,1,69,7,2
5101016,1,2,2,1,1,1,4,2,1,4,2,1,4,1,1,4,4,4,2,4,3,5,5,5,2,48,5,4
5101017,1,3,2,2,2,1,3,2,3,2,2,2,1,1,2,4,4,4,2,4,3,3,4,2,1,42,9,4
5101021,1,2,3,1,1,1,3,2,1,3,1,1,1,1,1,4,4,4,1,1,3,3,4,5,1,35,7,1
5101022,2,1,1,1,3,1,5,3,1,3,1,1,1,1,1,4,5,4,2,1,3,3,3,4,1,47,5,1
5101025,1,2,2,3,1,1,5,3,1,3,1,1,3,3,1,4,4,4,2,3,3,5,4,4,1,49,8,1
5101035,1,1,2,1,1,1,1,1,1,1,1,1,1,1,1,1,1,3,1,1,1,4,4,4,2,55,5,1
5101042,2,2,2,1,1,1,5,1,1,1,1,1,1,1,1,3,3,2,2,1,1,4,4,4,2,65,4,1
5101044,1,3,2,1,1,1,3,1,1,2,1,2,1,1,1,3,3,3,1,1,3,4,3,5,2,35,5,3
5101045,1,2,2,1,2,1,3,1,1,1,1,2,1,1,1,2,2,2,2,1,1,5,4,4,2,74,5,2
5101053,2,2,2,1,2,1,4,1,1,1,1,3,1,1,1,1,,2,1,1,1,3,4,4,1,63,2,1
5101055,1,2,2,1,1,1,3,3,1,1,1,1,1,1,1,3,5,1,1,1,4,3,4,4,1,33,4,1
5101062,2,2,3,1,1,1,3,3,3,2,3,3,2,2,1,1,4,,2,2,2,5,4,4,1,42,5,2
5101063,3,2,2,3,4,1,3,,1,,2,3,1,1,1,,3,3,2,3,1,3,5,1,2,75,4,2
5101064,4,2,3,3,1,1,4,4,1,2,1,1,1,3,1,1,3,2,1,1,3,3,4,4,2,48,5,2
5101065,1,3,3,2,2,2,2,4,2,2,2,4,1,2,2,4,5,4,2,2,4,5,4,3,2,55,7,5
5101066,2,2,1,1,3,2,4,2,3,3,2,2,2,3,1,1,2,2,2,1,1,1,4,5,2,27,5,1
5101067,3,2,1,1,3,1,2,3,2,3,2,3,1,2,3,4,4,4,2,4,2,5,4,5,2,57,5,1
5101068,1,2,2,2,2,2,3,4,2,2,2,2,2,2,2,2,3,3,2,3,3,5,4,4,1,25,8,2
5101072,1,2,2,1,1,1,3,3,1,3,1,1,3,1,1,4,2,3,2,5,5,5,5,5,1,34,5,3
5101073,3,1,1,1,4,,4,,4,5,3,4,,,,4,4,4,1,1,1,1,,,1,26,8,2
5101074,1,3,1,2,4,3,5,5,2,4,2,4,2,2,2,4,4,4,2,3,4,4,4,4,1,33,9,1
5101075,3,3,2,3,2,1,4,,3,3,2,2,1,1,1,5,5,4,1,4,5,5,4,4,2,54,7,2
5101081,2,2,2,1,1,1,2,4,1,1,1,1,1,1,1,4,4,4,2,3,4,5,4,5,2,26,9,3
5101083,3,2,1,2,3,2,5,2,4,4,3,1,3,2,1,4,5,4,2,2,3,4,5,5,2,41,9,5
5101084,1,1,2,1,2,1,1,5,2,3,2,3,1,1,1,5,5,5,2,4,4,3,5,1,2,27,9,3
5101086,3,2,2,1,3,2,2,2,2,3,2,3,2,2,2,3,5,3,1,2,1,5,4,4,1,68,9,2
5101087,1,1,2,1,2,1,2,3,3,1,2,2,1,1,1,4,4,4,2,4,4,5,4,3,2,43,5,4
5101088,1,2,2,3,1,1,2,1,1,2,1,1,1,1,1,3,3,4,2,2,3,2,5,5,1,43,7,1
5101092,1,2,2,2,1,1,4,2,3,3,1,1,1,1,1,1,1,1,1,2,1,3,5,5,1,30,5,1
5101093,3,2,2,2,1,1,2,3,3,2,1,1,1,1,1,1,1,1,1,1,1,3,5,5,1,31,7,1
5101094,5,2,2,2,1,1,1,1,3,1,1,1,1,1,1,1,1,1,1,1,3,2,5,5,2,53,8,1
5101095,2,2,2,1,1,1,3,3,3,3,1,1,1,1,1,1,1,1,1,1,1,1,5,5,2,56,5,1
5101101,4,1,1,2,4,1,5,,1,4,,5,1,1,1,1,,,2,1,1,1,5,1,1,75,3,1
5101102,1,2,2,3,1,1,1,2,1,1,1,1,1,1,1,3,3,3,1,1,3,3,5,2,2,33,7,2
5101103,3,3,2,2,5,3,4,1,4,2,4,5,2,3,1,1,2,1,2,4,3,4,4,4,1,61,9,4
5101105,2,2,1,1,2,2,3,3,1,1,1,1,1,1,1,1,2,1,1,3,4,5,5,3,1,63,6,4
5101107,1,2,2,2,3,1,3,3,2,2,2,2,1,1,1,3,4,2,1,1,2,3,4,4,2,56,7,3
5101111,1,3,2,1,1,1,2,2,1,4,1,2,1,1,1,4,5,4,1,1,2,5,5,5,1,63,4,3
5101112,1,2,2,1,2,1,3,5,1,1,1,2,1,1,1,4,5,5,2,1,4,5,5,1,2,74,3,4
5101114,5,3,3,2,3,1,5,5,1,1,1,4,1,1,1,3,4,3,2,1,1,1,5,5,1,70,3,1
5101117,1,2,1,1,1,1,2,4,2,2,1,2,1,1,1,2,2,2,2,3,3,4,4,4,2,35,3,1
5101123,2,2,2,1,3,1,3,3,3,3,3,3,1,1,1,2,5,2,2,1,1,1,4,4,2,73,2,1
5101124,3,2,2,1,4,2,3,3,2,2,2,3,1,2,2,1,,2,2,3,3,3,5,5,1,57,7,1
5101125,1,2,2,1,1,1,2,3,1,1,1,2,1,1,1,1,2,2,2,1,1,1,5,3,2,53,7,1
5101126,3,2,2,2,3,2,4,3,2,3,2,3,2,2,2,3,4,3,1,1,2,2,5,2,2,37,7,1
5101131,2,3,3,1,1,1,1,1,1,1,1,3,1,1,1,,,,2,1,1,5,4,4,2,66,4,1
5101132,1,1,2,1,1,1,1,1,1,1,1,1,1,1,1,,,3,1,1,1,4,1,5,2,36,5,1
5101133,1,3,3,3,1,1,1,4,1,1,1,1,1,1,1,3,,3,2,1,3,3,4,5,1,33,7,1
5101136,2,2,2,3,3,1,3,1,1,1,1,3,1,1,1,3,3,1,2,3,1,5,5,5,2,67,3,1
5101137,5,2,1,2,3,1,5,3,1,3,2,3,1,3,2,1,1,4,3,3,1,4,3,5,1,18,4,1
5101141,3,1,2,3,2,1,3,3,1,2,1,3,1,1,1,3,5,5,2,1,1,1,3,3,2,62,5,3
5101142,1,3,2,3,1,1,3,3,1,1,1,1,1,1,1,3,3,3,2,1,2,3,1,1,1,55,4,3
5101145,2,2,2,1,1,1,2,3,2,1,1,1,1,1,1,2,3,3,1,2,2,2,5,5,1,22,5,1
5101147,4,2,2,1,3,3,3,3,1,1,2,3,1,4,4,4,4,3,2,3,2,3,4,4,2,59,4,5
5101148,1,2,1,1,3,1,2,1,2,1,2,3,1,1,1,3,2,3,2,1,1,1,5,5,1,57,3,1
5101151,1,2,2,1,2,3,2,3,3,3,2,3,2,3,2,4,4,3,2,3,3,3,5,3,2,49,4,1
5101152,,3,3,3,2,1,4,3,2,4,1,2,1,1,1,5,5,5,2,1,1,3,4,4,1,51,2,3
5101153,3,2,3,3,2,2,4,3,1,1,1,3,1,1,1,4,3,3,2,2,3,4,5,5,2,47,5,2
5101154,2,3,3,3,2,2,4,3,2,1,1,3,1,1,1,1,4,2,1,1,1,1,4,4,2,30,8,1
5101155,2,2,3,3,3,3,3,3,2,3,2,3,3,3,3,3,3,2,2,3,3,4,4,4,1,57,4,2
5101161,2,2,2,1,1,1,3,3,1,1,1,1,1,1,1,5,5,3,2,1,3,4,5,5,2,34,6,3
5101162,2,2,2,1,2,2,3,3,2,2,2,3,2,2,2,3,3,3,2,4,4,5,3,2,2,66,5,4
5101163,4,2,2,1,4,3,4,3,2,3,4,4,3,4,2,1,3,2,2,4,5,5,4,4,1,43,7,1
5101164,1,1,1,1,1,5,4,3,3,3,3,2,,,,3,3,3,1,1,1,1,5,5,2,47,7,3
5101172,1,2,1,2,2,1,2,,1,1,1,5,1,1,1,5,5,2,2,1,1,1,5,5,2,69,3,3
5101173,3,2,2,1,1,1,1,1,1,2,1,1,1,1,1,1,5,3,1,1,1,1,5,5,1,72,5,1
5101174,3,2,2,1,4,3,4,,4,1,3,3,1,1,1,1,,1,2,3,3,3,5,5,2,61,4,4
5101181,2,2,2,3,3,1,3,3,1,1,1,2,1,1,1,4,4,3,2,2,3,5,5,5,2,46,7,2
5101182,1,2,2,3,1,1,2,3,1,1,1,1,1,1,1,3,3,3,1,2,2,3,4,4,1,20,8,2
5101183,3,2,2,1,1,1,2,1,1,1,1,1,1,1,1,2,3,1,1,1,1,1,4,4,2,41,3,1
5101184,2,1,1,2,2,1,4,1,2,3,1,2,1,2,1,1,1,3,2,2,3,3,5,5,2,50,7,2
5101186,2,2,2,1,2,2,5,1,5,2,2,3,1,1,2,2,,,1,2,3,2,4,5,1,22,8,1
5101191,3,,2,1,2,2,3,3,5,3,2,2,2,2,2,4,3,3,2,5,4,4,5,5,1,23,8,2
5101192,1,2,2,1,2,2,4,1,3,2,1,1,1,1,1,4,5,5,2,4,5,5,5,5,1,30,9,2
5101193,2,2,2,2,2,2,3,2,1,1,1,1,1,1,1,1,1,1,1,1,1,5,5,5,1,41,7,2
5101194,2,2,2,2,2,2,3,2,3,3,3,1,2,3,3,3,3,2,3,4,4,3,4,3,2,19,8,1
5101195,2,2,3,3,1,2,4,4,1,2,1,1,1,1,3,3,3,3,1,2,3,3,3,5,1,24,8,1
5101196,3,2,1,2,1,1,1,1,1,1,1,1,1,1,1,1,1,1,1,2,1,1,4,4,2,24,8,2
5101197,1,2,2,3,1,1,3,3,3,1,1,1,1,,1,1,3,1,2,1,1,2,5,4,2,25,6,3
5101201,1,2,3,1,2,2,4,2,2,2,2,2,2,1,2,4,4,4,1,1,3,3,5,5,1,52,3,2
5101202,1,2,1,2,5,5,5,5,5,5,5,5,3,3,3,3,3,3,2,1,1,3,5,5,1,35,4,1
5101203,1,2,2,1,1,1,3,4,1,1,1,1,1,1,1,1,5,1,2,1,1,3,5,5,1,58,3,2
5101204,2,2,2,1,1,1,3,1,1,1,1,1,1,1,1,4,3,4,2,1,1,1,4,4,2,70,2,1
5101205,1,2,2,1,1,1,3,3,1,1,1,1,1,1,1,3,3,3,1,5,3,4,4,5,2,25,6,2
5101206,1,2,2,1,1,1,3,4,1,3,1,1,1,1,1,3,3,3,2,1,3,1,4,4,1,46,9,1
5101207,1,1,1,1,1,1,1,1,1,1,1,1,1,1,1,1,1,1,1,1,1,1,4,4,2,29,4,1
5101215,1,2,1,1,1,1,3,3,2,3,2,2,,,,3,,3,1,1,2,1,3,5,2,34,5,1
5101221,2,1,2,,2,2,2,,2,2,2,2,1,2,2,4,4,4,2,2,1,1,5,5,1,64,3,1
5101222,1,3,3,3,4,1,3,1,3,3,3,5,1,1,1,2,,1,2,2,2,4,5,2,1,57,5,1
5101223,2,2,2,2,4,1,1,2,1,1,1,2,1,1,1,3,2,2,2,1,1,1,5,1,2,69,2,1
5101224,4,2,2,1,3,2,4,1,5,1,2,4,1,5,3,4,3,3,2,5,5,5,5,4,2,37,9,3
5101226,2,2,1,3,2,2,3,2,2,2,2,3,2,2,2,3,3,3,1,1,1,1,4,4,2,26,5,1
5101233,2,2,2,1,3,3,3,2,3,3,3,4,1,1,1,1,1,3,1,2,2,2,4,4,2,46,7,2
5101234,3,2,2,1,2,1,4,1,3,2,2,3,1,1,1,2,2,1,2,2,3,4,5,4,2,65,5,4
5101241,3,2,3,3,2,2,4,3,5,3,2,3,2,3,3,1,1,3,2,2,3,4,5,3,2,32,4,2
5101243,1,2,2,1,1,1,1,1,1,1,1,1,1,1,1,3,3,3,2,1,2,2,4,4,2,28,7,3
5101251,1,2,2,1,1,2,3,3,2,1,2,3,1,1,1,1,1,1,1,1,1,2,4,4,2,41,5,1
5101252,2,2,2,1,2,1,2,5,5,2,5,2,2,2,1,5,5,5,2,4,5,5,4,4,2,22,8,3
5101253,3,2,3,3,2,2,3,2,3,2,2,4,2,2,2,3,3,3,1,1,1,1,4,4,2,34,5,1
5101261,3,1,3,3,2,3,4,5,3,2,2,2,1,2,2,,4,4,2,5,5,4,4,5,2,35,9,3
5101274,,,2,2,1,1,4,3,3,4,3,4,1,1,1,1,1,1,1,1,1,1,4,4,2,18,5,1
5101282,1,2,2,1,1,1,3,1,1,1,1,1,1,1,1,,,2,2,1,2,1,5,4,2,57,5,1
5101291,2,2,2,1,2,1,2,2,2,4,1,2,1,3,1,3,1,3,2,1,2,4,4,4,1,54,5,3
5101292,1,3,2,1,1,1,1,1,1,3,3,2,1,1,1,1,1,1,2,1,1,4,3,4,2,75,3,1
5101295,1,2,2,1,1,2,4,4,4,4,3,4,1,1,1,1,1,1,2,2,2,2,4,5,1,24,5,1
5101301,2,2,1,2,2,1,4,4,4,4,1,1,1,1,2,3,4,3,2,5,4,4,4,5,1,54,7,2
5101303,2,1,2,1,1,1,1,2,1,1,1,1,1,1,2,4,5,5,2,3,3,3,5,2,2,35,8,1
5101311,1,2,2,1,1,2,1,2,1,2,3,2,1,1,2,3,2,2,2,3,4,4,4,5,1,45,5,1
5101313,2,2,2,2,3,3,2,4,2,3,3,4,1,3,5,5,5,5,2,5,5,5,5,4,1,70,9,4
5101331,1,2,2,1,1,1,5,3,4,1,1,1,1,1,1,1,1,1,2,1,1,1,5,5,1,51,7,4
5101333,2,2,1,1,1,1,3,1,1,1,1,1,1,1,1,4,3,3,1,1,1,1,5,4,2,36,8,3
5101341,1,2,1,1,1,1,4,3,1,4,4,4,2,1,2,2,1,1,1,1,2,3,3,4,2,29,9,1
5101343,2,2,1,1,2,1,4,3,3,4,4,3,1,1,3,3,2,3,2,2,2,2,5,5,1,47,7,1
5101361,5,2,2,2,1,1,3,4,4,4,3,3,3,3,3,3,3,3,1,1,1,1,4,5,1,52,5,1
5101362,3,2,2,2,1,1,3,4,3,2,2,2,1,1,1,1,1,1,1,1,1,1,3,5,1,45,5,1
5101364,1,1,1,1,1,2,4,,5,3,5,3,3,1,3,4,3,5,1,1,1,1,4,3,2,26,7,1
5101371,1,2,2,1,1,1,1,4,4,4,1,1,1,1,1,4,4,4,2,3,1,4,5,5,1,33,10,4
5101372,3,2,2,1,1,1,2,2,4,3,3,3,1,1,1,4,4,4,2,1,3,3,5,4,2,32,7,3
5101373,4,1,2,1,2,1,5,4,1,2,1,2,2,2,2,4,3,3,1,3,4,4,4,5,2,23,5,2
5101393,1,2,2,1,2,2,2,1,1,1,1,2,,,,3,5,5,2,1,3,5,4,5,2,55,3,1
5101394,1,2,2,1,3,1,3,1,2,3,3,3,2,2,2,5,5,3,2,3,2,3,4,4,2,42,9,3
5101395,3,3,2,1,3,2,3,2,3,2,2,2,2,2,2,2,3,2,2,4,5,5,5,5,1,60,7,2
5101401,2,2,2,2,2,2,3,2,2,2,2,2,2,2,2,3,3,3,3,2,2,2,4,5,1,19,5,3
5101402,2,1,1,2,3,1,1,4,1,1,1,4,1,1,1,1,1,1,2,1,3,5,4,5,2,66,3,4
5101403,1,2,2,1,1,1,3,1,1,1,1,1,1,1,1,1,1,1,1,1,1,2,3,4,1,27,5,1
5101404,3,3,2,2,2,1,4,3,2,3,2,2,1,1,1,3,5,3,2,1,1,3,5,5,2,54,5,3
5101411,2,,1,,1,3,4,4,5,5,3,2,4,3,5,2,5,5,,3,1,1,4,,1,31,5,4
5101422,5,2,2,2,1,1,3,3,4,3,3,4,1,1,1,1,1,1,1,1,3,2,4,3,2,35,5,1
5101432,1,2,1,3,1,1,5,4,1,1,1,1,,,,3,,,2,1,1,1,4,4,2,35,5,2
5101433,1,1,1,2,2,3,1,4,2,1,2,4,1,2,5,5,5,5,2,5,5,5,4,4,2,32,10,5
5101443,1,2,2,2,3,2,4,3,2,2,3,5,1,1,3,4,2,1,2,3,3,4,4,5,1,58,9,2
5101444,5,2,1,1,4,1,4,2,4,2,3,5,1,1,1,1,1,1,2,3,3,3,4,4,2,37,5,1
5101451,1,2,2,2,1,2,3,1,3,2,2,2,3,1,1,1,1,1,1,3,2,5,4,5,1,38,7,1
5101452,4,1,1,2,2,3,4,3,4,4,3,2,3,3,3,4,4,4,2,4,4,4,5,5,1,38,10,5
5101453,2,,2,,4,2,2,4,3,1,,4,4,3,1,5,,,3,3,4,4,1,,2,28,9,1
5101462,1,2,2,2,1,1,3,3,4,3,3,3,1,1,1,1,1,1,1,1,1,1,4,3,2,49,6,1
5101463,1,2,2,2,1,1,3,1,2,3,5,4,2,2,1,1,1,2,2,1,1,1,3,5,2,31,5,1
5101465,1,2,2,2,1,2,4,3,3,3,2,2,1,1,3,2,2,2,2,3,3,3,3,4,1,66,5,1
5101472,1,2,2,1,1,2,3,3,2,2,3,2,1,1,2,2,2,2,1,2,2,3,5,4,2,36,5,1
5101474,3,2,1,1,4,5,4,4,5,5,5,4,5,4,5,5,4,4,2,2,4,5,4,5,2,44,3,1
5101481,2,2,2,3,1,1,4,3,2,3,2,2,1,1,1,3,4,,2,2,1,1,4,4,1,33,7,3
5101482,2,2,2,1,2,1,4,3,4,3,3,3,1,1,1,4,,,2,1,1,5,4,4,2,54,4,1
5101484,1,2,2,3,2,2,4,4,3,3,3,3,1,1,1,,,,1,1,2,3,4,4,2,39,3,1
5101485,1,2,2,1,1,1,1,1,1,1,1,1,1,1,1,1,2,2,1,5,3,4,4,4,1,53,8,6
5101486,1,2,2,1,1,1,1,1,1,1,1,1,1,1,1,3,3,3,2,1,3,3,4,4,1,24,8,2
5101491,3,2,2,1,2,1,4,,2,3,1,3,1,1,1,1,1,1,2,1,1,3,4,5,2,71,4,2
5101492,1,2,2,1,1,1,1,1,2,3,1,1,1,1,1,2,3,1,2,1,3,3,5,5,2,60,2,3
5101493,2,2,2,1,1,1,3,,1,1,1,1,1,1,1,3,1,1,1,1,1,2,5,5,2,60,4,2
5101494,2,2,2,1,2,1,5,3,2,2,2,2,1,3,3,3,3,2,1,2,3,3,5,5,1,19,5,3
5101495,3,1,1,1,4,2,5,2,2,2,2,4,1,2,3,3,2,3,2,4,2,5,5,5,1,52,4,2
5101496,1,1,1,2,2,1,4,,1,2,1,2,1,1,1,2,1,2,2,1,1,3,4,5,2,45,5,1
5101497,2,2,2,1,1,1,3,1,2,2,1,2,1,1,1,2,1,1,1,1,1,2,5,4,2,54,4,2
5101501,1,2,2,1,3,1,3,1,1,4,1,3,1,1,1,1,1,1,2,1,1,3,5,4,1,74,4,2
5101502,3,2,1,1,3,1,1,,1,4,1,3,1,1,1,,,,2,1,1,3,5,4,2,74,5,2
5101503,4,2,2,1,3,1,4,,1,1,1,1,1,1,1,3,1,1,2,2,1,4,5,3,1,61,2,2
5101504,3,2,2,1,1,1,3,3,2,1,1,1,1,1,1,4,4,4,1,1,3,4,4,5,1,22,5,3
5101505,1,1,2,1,1,1,5,1,1,2,1,2,1,1,1,4,2,2,1,1,1,3,5,5,1,55,5,3
5101506,2,2,2,1,2,1,5,1,2,2,1,4,1,1,1,2,,3,2,1,1,1,4,5,2,68,3,1
5101507,3,2,2,1,3,1,3,1,1,1,1,3,1,2,3,1,2,2,2,2,2,2,5,4,1,70,3,2
5101511,4,2,2,2,2,1,2,1,1,1,1,1,1,1,1,3,2,1,2,1,1,3,5,5,2,63,1,1
5101513,2,2,2,1,4,1,2,,3,2,1,4,1,1,1,3,,4,1,1,1,2,5,5,2,42,4,2
5101514,1,2,2,1,1,1,1,1,1,1,1,1,1,1,1,1,1,1,1,1,1,1,4,5,2,35,5,2
5101515,4,3,3,1,1,1,4,3,1,1,1,2,1,1,2,3,5,3,1,1,1,1,2,4,2,37,4,1
5101516,2,2,2,1,2,1,4,1,1,1,1,4,1,1,1,3,3,3,2,1,2,3,5,5,1,34,4,1
5101521,1,1,1,2,1,1,2,2,1,1,1,1,1,1,1,1,3,3,2,1,5,5,4,4,1,54,4,2
5101523,1,3,2,1,2,1,2,2,3,2,2,2,1,1,1,2,2,2,1,1,1,1,4,5,1,34,3,3
5101524,5,2,2,2,5,1,1,1,1,1,1,5,1,1,1,1,1,1,2,1,1,1,4,5,1,73,2,1
5101525,2,2,2,1,3,3,4,1,3,1,1,3,1,1,1,3,3,3,2,1,1,1,5,5,2,26,4,1
5101526,1,2,2,1,1,1,2,1,1,1,1,1,1,1,1,3,5,1,2,1,1,1,4,5,1,52,2,1
5101527,3,2,2,1,2,1,1,3,1,3,1,3,1,1,1,4,5,3,2,1,2,4,4,5,2,35,4,1
5101528,4,2,1,1,2,2,3,3,3,4,2,3,3,3,3,1,3,3,2,1,2,5,4,5,1,35,5,1
5101531,2,3,3,3,2,1,2,2,1,1,1,2,1,1,1,2,2,1,1,3,3,3,4,5,2,23,5,1
5101533,1,3,2,1,1,1,5,3,1,2,1,3,1,1,1,4,5,4,1,1,1,1,4,2,2,25,7,1
5101536,1,2,3,1,1,1,2,2,1,1,1,2,1,1,1,2,2,2,1,1,2,4,5,4,2,23,4,1
5101537,1,1,2,3,1,1,3,,1,1,1,1,1,1,1,4,4,3,2,1,2,3,4,5,1,50,7,1
5103031,1,2,2,1,1,1,3,2,2,1,2,2,1,1,1,3,,3,1,1,3,2,5,5,1,42,7,2
5103033,2,2,2,1,1,1,1,1,1,1,1,1,1,1,1,2,2,2,1,1,2,4,4,3,1,42,5,3
5103036,2,3,3,3,3,1,4,3,4,2,2,4,1,2,2,3,4,3,2,2,2,4,4,5,1,32,7,3
5103038,2,3,3,2,2,2,3,3,2,3,2,3,2,2,2,3,3,3,1,1,1,1,5,5,2,22,5,4
5103044,,2,2,1,3,1,3,1,3,2,2,2,1,1,1,1,2,1,2,2,3,2,4,3,1,52,6,4
5103045,1,2,2,1,1,1,5,2,1,1,1,3,1,1,1,,,3,1,1,1,3,5,5,2,38,5,3
5109013,2,2,2,3,3,2,4,3,3,3,2,4,3,3,3,4,4,4,2,3,3,4,5,4,2,62,9,2
5109014,4,2,1,2,4,4,5,4,4,3,4,4,3,3,3,3,4,4,2,4,3,4,5,5,1,62,9,5
5109032,2,,3,2,2,3,2,4,2,2,2,1,1,1,2,4,4,4,1,3,3,3,4,3,2,23,6,4
5109033,4,1,2,1,4,2,5,3,3,3,3,4,3,3,3,3,3,3,2,3,2,4,4,4,1,57,9,3
5109034,1,3,3,3,3,3,2,2,2,1,1,3,1,2,2,3,4,3,2,3,3,4,5,3,1,54,5,4
5109045,3,3,1,3,3,2,4,4,1,2,3,3,2,3,3,3,4,4,2,3,4,4,4,4,2,48,10,4
5109051,3,2,2,1,1,2,5,3,1,4,2,1,1,1,1,1,1,2,2,3,3,4,5,5,1,47,10,4
5109052,4,2,2,1,2,2,3,3,3,2,2,2,2,2,2,5,5,4,1,1,3,4,5,5,2,24,8,5
5109057,1,3,3,1,2,1,4,3,2,4,1,1,1,1,1,5,5,4,2,1,5,5,4,4,2,28,9,1
5109082,1,2,2,3,1,1,2,3,3,2,1,1,1,1,2,,,3,1,1,4,3,5,5,2,25,9,2
5109091,3,2,2,2,1,1,5,1,3,2,2,1,4,1,3,4,5,5,2,2,1,5,5,4,1,70,7,3
5109093,2,2,2,1,2,2,4,2,3,3,2,3,2,2,2,3,4,3,1,1,3,3,5,4,1,19,8,1
5109094,2,2,2,1,1,1,2,3,2,2,1,2,1,1,3,4,4,4,1,1,2,5,5,5,2,30,7,1
5109096,3,2,2,1,3,2,4,4,3,3,1,3,1,1,1,3,4,3,1,2,1,5,5,5,1,61,5,1
5109102,2,2,2,1,1,1,5,2,1,2,1,2,1,1,1,3,3,2,1,1,2,3,5,4,1,46,3,3
5109103,3,2,2,2,3,2,4,1,3,2,3,2,1,2,1,3,3,2,1,1,1,1,5,5,2,45,2,1
5109105,3,2,2,1,3,1,4,3,1,1,1,4,1,1,1,4,2,2,1,2,2,3,5,4,2,56,2,1
5109113,1,2,2,1,2,1,2,2,1,1,1,2,1,1,1,4,4,4,1,1,2,3,4,4,2,30,5,2
5109114,1,2,2,1,3,2,4,4,1,3,1,4,1,2,2,2,1,2,2,1,3,3,5,5,1,65,3,2
5109115,3,1,2,1,5,2,4,4,2,1,4,4,1,2,2,4,3,4,2,3,3,5,4,5,2,59,5,2
5109116,1,2,2,2,1,1,3,3,4,2,3,3,1,1,1,1,1,1,2,3,3,4,5,5,1,46,5,1
5109117,4,2,2,2,1,1,3,1,3,2,2,3,1,1,1,1,1,1,1,3,1,1,4,3,1,53,3,1
5109121,4,2,2,2,3,1,4,3,2,3,2,3,3,3,3,4,3,4,1,1,2,1,5,4,2,57,9,2
5109122,1,2,2,2,1,1,3,3,3,1,1,1,3,3,1,1,4,1,2,3,3,5,4,5,2,64,4,3
5109124,1,2,2,1,1,1,2,2,1,1,1,2,1,1,1,3,3,3,2,4,4,5,5,5,1,51,7,3
5109125,1,2,2,1,2,1,3,2,2,1,1,2,1,1,1,3,4,3,2,1,3,3,4,4,2,45,7,1
5109132,4,2,2,2,3,2,4,4,4,4,4,4,3,1,3,1,1,1,2,3,4,4,4,4,2,64,5,1
5109136,3,1,2,1,1,1,3,3,3,4,4,3,3,2,1,1,1,1,2,3,2,3,4,4,2,35,7,1
5109137,1,1,2,2,1,1,1,1,1,1,1,1,1,1,1,1,1,1,1,1,2,2,5,4,2,42,4,1
5109142,1,2,2,1,1,1,1,1,1,1,1,1,1,1,1,1,1,1,1,1,1,2,4,5,1,53,5,1
5109144,2,2,2,2,2,2,4,4,2,2,2,2,2,2,3,4,3,4,1,3,3,5,4,4,2,32,5,2
5109151,4,1,1,2,4,2,5,,2,,1,4,1,1,1,2,4,4,1,1,1,3,5,5,2,59,1,1
5109152,1,3,1,1,1,1,3,1,1,1,1,1,1,1,2,4,3,2,1,1,2,2,5,5,2,38,4,1
5109153,2,2,1,1,3,1,3,1,2,1,2,3,1,1,1,3,1,1,2,1,1,3,4,5,2,34,3,1
5109154,3,2,2,1,1,1,3,1,1,1,1,1,1,1,1,1,4,2,1,1,1,2,5,5,1,23,5,1
5109155,1,2,2,1,1,1,2,1,1,1,1,1,1,1,1,2,2,2,2,1,1,1,3,4,1,33,5,1
5109156,2,2,2,1,1,1,4,1,1,1,1,1,1,1,1,1,3,1,1,1,2,3,4,4,1,26,5,1
5109157,4,2,2,1,2,1,1,3,1,1,1,2,1,2,1,2,4,2,1,1,3,5,5,1,2,46,5,1
5109172,2,2,2,1,1,1,4,3,1,2,2,2,2,2,1,4,2,2,2,3,2,2,5,4,2,21,7,2
5109173,1,3,1,2,1,1,3,2,1,3,1,1,2,2,2,4,5,3,1,4,4,5,4,2,2,19,8,1
5109174,3,2,3,2,2,1,3,3,2,3,3,2,2,2,2,4,4,4,1,1,1,2,5,5,1,25,6,1
5109175,1,2,2,1,2,3,2,4,4,2,1,1,1,2,2,4,2,2,2,5,5,5,5,5,1,21,8,3
5109176,2,2,3,3,3,3,4,4,3,2,1,3,2,3,2,4,4,4,2,2,2,3,5,5,1,21,8,1
5109178,2,2,3,3,3,1,3,4,2,3,1,1,1,1,1,3,3,3,1,2,3,3,4,4,2,22,8,1
5109192,1,1,2,3,1,2,3,1,4,3,1,1,2,1,1,3,2,3,2,3,3,3,4,4,2,46,9,3
5109194,1,3,2,1,1,1,4,2,2,4,2,1,3,3,1,3,3,3,2,2,3,5,5,5,1,64,10,3
5109196,4,3,3,3,3,3,2,3,3,2,3,4,1,2,3,5,5,5,2,5,5,5,4,4,1,34,10,4
5109202,2,2,2,1,1,1,3,1,2,2,1,1,1,1,1,5,5,5,1,3,4,4,4,5,1,28,9,1
5109203,4,2,2,1,2,2,4,3,3,3,3,2,3,3,1,3,3,3,2,4,5,5,5,5,2,50,9,3
5109205,1,1,1,1,1,1,4,1,1,4,1,2,1,1,1,5,3,4,2,1,5,5,5,5,2,59,9,4
5109206,2,2,2,1,3,1,4,2,2,3,2,3,2,2,2,4,4,3,2,1,1,1,4,4,2,52,5,4
5109211,2,2,1,1,1,1,1,1,1,1,1,1,1,1,1,1,1,1,1,1,1,1,4,5,1,42,4,2
5109221,1,2,1,2,1,1,3,2,1,1,1,1,1,1,1,4,1,3,1,1,5,5,5,3,1,61,4,2
5109222,1,3,2,1,1,1,2,3,1,1,2,3,1,2,1,2,3,2,2,1,1,1,1,4,1,57,5,2
5109223,3,2,2,2,4,2,5,3,2,2,1,3,2,2,2,2,3,2,1,1,2,5,5,5,1,57,4,3
5109225,3,2,2,1,1,1,4,1,1,2,1,1,1,1,1,4,4,3,1,1,2,5,5,4,2,40,7,3
5109226,2,3,3,3,2,2,3,4,2,3,2,1,1,1,1,3,,3,2,1,2,5,4,4,2,44,5,2
5109227,1,2,2,1,1,1,4,3,2,3,1,2,1,1,1,3,4,3,2,1,3,5,5,5,1,47,7,3
5109234,1,2,1,1,1,1,3,4,3,3,1,1,1,3,1,3,4,1,2,2,2,5,5,5,1,47,7,3
5109235,3,2,2,1,1,1,4,3,3,3,1,2,1,1,1,3,3,3,1,1,3,5,5,5,1,39,9,3
5109236,2,2,2,1,1,1,4,1,3,1,1,1,1,1,1,1,3,1,2,1,1,5,1,3,2,30,7,3
5109241,1,2,2,1,1,1,4,1,2,3,1,1,1,1,1,3,4,4,2,1,3,3,5,4,1,50,5,2
5109242,1,2,3,1,1,1,3,1,2,3,1,1,1,1,1,4,3,3,2,1,1,3,5,4,2,54,4,3
5109243,1,2,2,1,3,2,4,3,2,2,2,3,1,3,1,4,4,3,1,3,4,4,5,5,1,29,8,1
5109245,2,2,2,1,2,1,3,2,1,2,1,4,2,1,1,3,4,3,2,1,3,4,5,4,2,67,7,2
5109247,1,3,3,3,1,2,4,4,3,1,2,3,,,,3,5,3,1,2,3,3,5,5,2,26,8,2
5109252,1,2,2,1,2,1,2,1,1,1,1,2,1,1,1,2,3,2,1,1,1,1,3,5,1,34,5,3
5109253,2,2,3,2,1,1,1,2,1,1,1,3,1,2,1,1,3,,2,1,1,4,5,4,2,78,1,1
5109254,2,2,3,1,2,1,3,,1,2,1,1,1,1,1,2,4,2,1,1,2,2,4,4,2,63,5,
5109255,1,3,2,3,2,2,4,3,2,3,2,2,2,2,2,4,4,3,2,3,1,3,4,4,2,34,7,3
5109256,3,2,2,2,3,2,3,3,3,3,3,3,2,3,3,3,3,3,1,2,2,4,4,5,2,28,4,1
5109261,3,2,2,1,3,1,4,4,2,2,3,3,2,2,2,4,3,1,2,2,3,4,5,5,2,51,5,2
5109262,2,2,3,1,2,1,4,4,1,2,2,2,2,2,2,3,2,2,2,1,3,3,4,4,1,46,5,2
5109263,3,3,3,1,1,1,2,2,2,1,2,2,1,1,1,2,1,2,1,1,2,3,5,4,1,28,4,2
5109272,3,2,2,2,1,3,3,1,3,3,1,1,4,1,1,3,1,1,2,2,3,4,4,4,2,46,9,2
5109281,3,2,1,1,1,1,4,1,1,1,1,1,1,1,1,1,4,,1,1,1,4,5,4,2,72,4,1
5109282,2,2,2,1,1,1,2,3,1,1,1,1,1,1,1,1,3,4,1,2,1,3,4,4,1,24,7,1
5109283,3,2,2,1,1,1,2,2,1,2,1,1,1,1,1,2,2,,1,1,1,1,4,3,2,50,4,2
5109284,5,2,1,1,2,1,4,3,3,3,1,3,1,1,1,3,3,3,2,2,3,4,5,5,2,24,5,1
5109285,3,2,3,1,1,1,2,2,2,1,1,1,1,1,1,2,2,2,2,2,1,5,5,5,2,33,5,1
5109286,1,2,2,1,1,1,5,4,2,1,1,2,1,1,1,4,4,1,2,1,1,3,5,5,2,50,5,3
5109287,2,2,2,1,1,1,3,1,1,1,1,1,1,1,1,1,1,1,1,1,2,3,4,4,1,41,4,1
5109291,1,2,1,1,1,1,4,3,2,2,1,3,1,2,1,1,3,2,2,1,3,3,4,4,1,74,3,2
5109293,1,2,2,1,1,1,3,3,1,2,1,4,1,1,1,3,4,3,1,1,1,4,4,3,2,73,4,1
5109294,2,2,2,1,3,1,4,4,3,4,3,3,3,3,1,,4,4,1,3,2,4,4,5,1,67,4,3
5109295,1,2,2,1,2,1,5,3,1,2,1,3,1,1,3,1,3,1,2,1,3,4,5,3,2,39,5,1
5109301,2,1,1,2,2,1,5,4,2,4,1,1,1,1,1,4,4,4,1,1,1,5,4,2,2,41,4,1
5109302,2,2,2,2,4,2,4,3,2,2,2,2,2,2,2,1,4,4,1,1,1,5,4,5,2,56,6,1
5109303,3,3,1,1,4,1,3,1,2,1,3,4,3,3,2,5,5,4,2,2,3,5,5,4,2,66,7,2
5109305,3,2,2,1,3,1,3,4,2,2,2,2,3,2,1,2,4,4,1,1,1,2,4,1,2,25,9,2
5109311,3,2,2,1,3,1,5,1,1,1,1,3,1,1,1,1,2,2,2,1,1,4,4,5,2,75,2,2
5109313,2,2,2,1,2,2,5,5,4,3,2,1,3,2,1,4,4,3,2,4,3,5,5,5,1,66,5,3
5109314,2,3,3,1,1,1,4,1,1,4,1,1,1,1,1,1,3,3,2,1,2,3,4,3,2,48,5,1
5109315,1,2,3,3,2,1,5,4,1,2,1,1,1,1,1,5,5,4,2,1,3,3,4,1,2,33,5,3
5109316,2,2,2,2,2,1,4,3,2,2,1,2,2,2,2,3,4,3,1,1,1,5,4,5,2,41,5,3
5109317,3,2,2,2,3,2,3,3,3,3,3,3,2,2,2,3,3,3,1,1,2,4,4,5,2,40,7,1
5109321,1,2,2,,1,1,4,2,3,1,1,2,1,1,1,3,3,3,2,2,3,4,5,5,1,35,5,1
5109322,3,2,2,1,1,1,1,1,1,1,1,1,1,1,1,3,4,1,3,1,1,2,5,5,2,21,4,1
5109323,1,2,2,1,1,1,4,3,1,3,1,2,3,1,1,1,,,2,1,1,3,4,5,2,75,3,2
5109324,4,1,1,2,2,2,5,2,1,2,2,1,1,3,3,4,5,3,2,2,3,3,5,5,2,53,5,2
5109325,3,2,2,1,2,2,4,2,4,2,1,3,1,1,3,3,,3,1,1,1,4,5,5,1,57,4,2
5109326,2,2,1,1,2,1,4,,1,2,1,2,1,1,1,2,,2,2,2,3,3,4,5,1,29,5,1
5109327,1,2,2,1,1,1,2,1,1,2,1,1,1,1,1,4,2,2,2,1,1,3,5,5,2,40,4,2
5109331,1,2,2,1,2,1,4,4,4,4,2,2,4,4,2,4,4,2,2,3,1,2,4,5,2,46,7,2
5109332,2,1,1,2,1,1,2,2,1,2,1,1,1,1,1,3,1,1,2,2,3,4,4,4,2,35,9,2
5109333,1,2,2,1,1,1,2,1,1,2,1,1,1,1,1,3,3,3,1,1,2,2,4,4,2,49,3,2
5109334,1,2,1,1,2,2,2,3,3,2,3,3,1,1,1,1,2,3,1,1,3,3,4,5,1,41,5,2
5109335,1,2,2,1,1,1,5,1,3,1,1,1,1,1,1,4,4,4,2,3,2,4,5,4,1,55,7,2
5109336,2,1,1,1,2,1,3,2,2,2,1,1,1,1,1,4,4,3,1,2,4,3,4,3,2,26,8,3
5109337,1,3,1,3,3,1,5,1,3,1,1,3,1,1,1,2,3,3,1,1,1,1,4,4,2,53,5,
5109341,1,2,2,1,1,1,2,1,1,2,1,1,1,1,1,1,,2,1,1,1,3,5,4,2,25,4,1
5109342,3,2,2,1,3,1,4,1,2,2,1,1,1,1,1,2,2,3,1,1,3,3,4,5,2,45,5,1
5109343,2,2,2,1,1,1,3,,1,3,1,1,1,1,1,1,,3,2,1,1,1,5,5,2,35,5,2
5109344,2,2,2,1,1,1,2,2,1,1,1,1,1,1,1,2,2,2,1,1,1,2,4,4,1,47,2,1
5109345,2,2,2,1,2,2,2,2,1,2,2,3,1,1,1,3,4,1,2,1,3,3,5,5,2,41,4,2
5109346,1,2,2,2,1,1,1,1,1,1,1,1,1,1,1,1,1,1,1,1,3,3,3,2,1,35,5,1
5109347,2,3,2,3,1,1,2,3,2,3,1,4,1,1,1,4,4,3,2,3,3,4,4,3,2,32,5,3
5109351,1,2,2,1,1,1,4,1,1,1,1,1,1,1,1,4,3,5,2,1,2,3,4,4,2,46,5,1
5109352,1,2,2,1,2,1,2,1,1,1,1,1,1,1,1,2,3,3,2,1,1,4,5,5,1,69,5,2
5109353,4,1,1,2,4,2,4,,2,2,2,4,1,2,1,3,4,2,2,1,1,3,4,4,2,51,3,1
5109354,3,2,2,1,2,2,4,3,2,3,1,3,1,1,1,3,3,2,2,2,1,3,4,5,1,49,4,1
5109355,2,2,2,1,1,1,4,1,1,2,1,1,1,1,1,2,2,2,1,1,1,3,4,4,1,25,4,1
5109356,3,2,2,1,2,3,5,5,2,5,2,1,1,1,1,2,2,2,2,2,3,3,4,4,1,25,7,1
5109357,2,2,2,1,1,1,4,1,1,1,1,2,1,1,1,2,,2,1,1,1,3,4,5,1,27,5,1
5109363,2,2,2,1,1,1,4,5,1,1,1,1,2,1,3,4,3,3,2,2,5,5,5,5,2,68,7,3
5109372,2,2,3,1,3,1,3,3,1,4,1,4,1,2,3,2,4,2,2,1,4,1,4,4,1,54,3,1
5109373,3,2,3,3,3,1,3,,3,3,3,3,,,,1,3,3,2,1,1,3,5,5,1,35,7,3
5109374,2,1,1,1,2,2,4,3,3,3,3,2,2,,2,3,3,3,2,3,3,4,4,3,2,49,5,3
5109375,2,2,3,3,3,2,4,,3,2,3,3,1,1,1,3,3,3,2,1,2,4,5,3,1,59,4,3
5109377,1,3,3,2,2,1,2,3,1,3,1,2,3,1,1,2,3,2,2,1,3,3,4,4,2,67,3,2
5109381,1,3,2,1,1,1,1,1,1,1,1,1,1,1,1,2,1,1,1,1,1,1,5,1,2,53,4,1
5109382,1,,2,1,1,1,2,2,1,1,1,1,1,1,1,1,1,1,1,1,1,1,5,3,1,58,4,1
5109383,2,2,2,1,2,1,3,3,3,2,1,1,2,2,2,4,3,3,2,1,1,2,4,4,2,35,2,1
5109384,3,1,1,2,4,4,5,4,5,5,4,5,3,3,5,3,2,2,2,3,2,5,5,5,2,64,3,1
5109386,4,1,1,2,2,1,4,4,3,2,2,3,1,1,1,2,3,2,1,1,1,1,3,4,1,58,2,1
5109387,1,2,2,1,2,1,2,2,1,1,2,2,1,1,1,3,5,2,1,1,1,3,4,5,2,43,4,1
5109391,1,1,2,1,2,1,5,1,1,1,1,1,2,2,1,2,3,1,2,1,3,4,5,3,2,73,7,1
5109392,3,2,2,1,2,1,4,1,2,1,1,2,1,1,1,1,1,1,1,1,1,2,4,5,2,49,7,2
5109393,1,2,2,1,1,1,5,1,3,2,1,2,1,1,1,2,4,1,2,1,1,1,5,3,1,50,7,2
5109394,1,2,2,1,1,1,3,5,1,1,1,1,1,1,2,4,5,1,1,1,3,4,4,5,1,29,6,1
5109395,2,2,2,2,2,1,3,1,2,2,1,3,2,1,1,4,1,1,1,2,3,3,4,4,2,26,8,2
5109396,1,2,2,2,2,1,3,4,4,4,3,1,1,1,1,5,5,5,2,4,4,4,4,4,2,25,8,2
5109397,3,2,2,2,1,1,3,3,2,2,2,2,3,2,3,3,4,3,2,2,2,2,5,4,2,27,8,2
5109402,2,2,3,3,2,1,3,3,3,1,1,3,1,1,1,5,3,3,2,5,5,5,5,5,2,21,8,3
5109403,3,3,3,3,3,2,3,2,3,3,3,3,2,3,3,3,3,2,1,2,2,3,4,5,1,24,9,2
5402011,1,2,2,1,1,1,2,2,1,2,1,2,2,2,2,3,2,2,2,1,1,1,5,4,2,46,5,2
5402013,3,2,2,3,3,3,4,3,3,2,3,3,1,1,4,4,4,,2,2,3,3,4,4,2,55,5,3
5402021,4,2,2,2,4,1,4,4,1,1,1,1,1,1,1,4,4,4,2,2,1,1,4,3,2,66,4,3
5402022,2,1,1,2,1,1,2,1,1,1,1,1,1,1,1,1,1,1,1,1,1,1,4,4,2,67,3,3
5402023,3,2,2,2,,1,4,,3,2,2,4,1,1,1,4,3,3,2,1,1,1,4,4,2,43,4,3
5402031,1,2,2,1,3,3,4,4,3,3,1,1,3,3,3,3,3,3,2,3,3,3,4,5,2,57,4,3
5402032,,2,2,2,1,1,2,1,1,1,1,1,1,1,1,1,,,2,1,1,1,,,2,52,1,2
5402033,3,2,2,2,2,1,,,1,1,1,1,1,1,3,1,,,1,1,1,1,4,4,1,33,9,2
5402041,3,2,2,2,3,1,4,,3,3,1,2,1,1,1,2,5,,2,1,1,1,3,3,1,69,2,2
5402042,3,2,2,2,3,3,3,3,3,3,3,1,1,1,1,1,2,1,1,1,1,1,5,4,2,33,2,2
5402043,3,2,2,2,4,1,3,3,3,2,1,4,1,1,1,1,1,1,2,2,1,1,4,2,2,49,3,2
5402051,1,3,3,3,1,1,3,3,1,3,1,1,1,1,1,1,4,,1,1,2,2,4,4,2,49,3,1
5402052,1,3,3,3,1,1,4,3,1,1,1,1,1,1,1,3,4,,1,1,1,2,4,2,2,32,7,1
5402053,1,3,3,3,1,1,3,3,3,3,1,3,1,1,1,2,2,1,2,1,3,3,5,4,1,27,9,3
5402062,1,2,2,2,1,1,5,1,1,3,1,1,1,1,3,5,5,3,2,2,3,3,2,2,2,30,7,2
5402063,2,3,3,3,1,1,4,3,1,3,1,1,1,1,1,3,3,,2,,1,3,4,4,1,39,5,3
5402071,5,1,1,3,1,1,5,4,1,3,1,1,1,1,1,4,4,3,2,1,3,3,5,4,2,54,7,1
5402072,3,3,2,2,1,1,4,4,2,1,2,3,1,1,1,4,4,4,2,2,4,4,4,4,2,38,9,2
5402073,4,2,2,2,4,1,1,3,1,3,3,4,1,4,4,4,4,4,2,1,1,1,5,4,2,46,7,2
5402081,1,2,1,1,2,1,2,3,1,,2,2,1,1,1,1,1,1,2,1,1,3,4,4,2,55,3,2
5402083,2,2,2,1,2,2,3,5,3,3,2,4,1,1,1,5,4,4,2,2,2,3,4,5,1,41,7,2
5402091,2,1,2,1,3,1,3,2,3,3,1,2,1,1,1,2,3,2,2,1,2,3,5,5,2,31,6,1
5402092,4,3,3,3,1,1,3,1,1,1,1,1,1,1,1,1,1,1,1,1,1,1,1,1,2,19,4,3
5402101,3,2,2,1,3,1,2,1,2,3,1,3,1,1,1,3,3,3,2,1,1,1,5,5,2,66,4,2
5402102,3,2,2,1,2,1,5,1,1,2,1,1,1,1,1,4,4,2,2,1,3,2,4,5,1,33,5,2
5402103,1,2,2,3,3,1,3,3,3,1,1,1,1,1,1,,3,,2,1,1,1,1,3,2,47,5,2
5402111,1,2,2,2,3,1,3,4,4,4,3,3,1,1,3,1,1,1,2,2,3,3,4,3,1,48,4,3
5402112,1,1,2,2,1,1,1,3,3,2,1,1,2,2,2,2,2,2,2,1,1,1,4,4,2,36,4,3
5402113,1,1,2,2,1,1,4,1,1,3,1,1,1,1,1,1,1,1,1,1,1,1,4,1,1,46,4,3
5701011,1,1,1,1,1,1,4,1,1,1,1,1,1,1,2,4,1,3,1,1,1,2,4,4,2,20,8,3
5701012,1,2,1,2,3,1,5,4,4,1,3,4,1,1,1,1,2,1,2,1,3,4,4,2,2,56,10,5
5701013,1,1,1,2,1,1,2,2,2,2,4,5,1,3,4,3,4,4,2,1,1,1,4,4,2,64,5,3
5701021,2,1,1,2,1,1,4,4,1,1,1,1,1,3,3,5,4,1,1,1,3,3,3,4,1,20,5,4
5701022,5,2,,1,4,3,3,2,2,5,1,1,1,3,5,3,3,3,2,3,2,1,1,3,1,37,4,4
5701032,1,1,1,1,3,1,4,1,1,1,2,1,1,2,2,2,3,2,2,1,1,1,3,5,1,49,7,3
5701041,1,2,2,3,2,1,2,1,1,1,1,2,1,1,1,3,3,4,2,1,1,1,5,5,2,52,2,1
5701042,2,3,2,,2,1,2,2,2,2,1,2,2,2,2,4,4,4,2,1,1,1,5,5,2,63,4,1
5701043,1,2,2,1,1,1,1,1,1,1,1,1,1,1,1,1,1,1,2,1,1,1,1,3,1,65,2,1
5701051,1,2,1,1,1,1,4,2,1,1,1,1,1,1,1,3,1,1,2,1,2,3,4,5,1,28,4,2
5701053,3,1,1,1,4,1,5,1,1,3,4,4,1,1,1,1,1,1,2,2,4,5,3,4,2,65,2,2
5701061,1,2,2,1,1,1,1,1,1,1,1,1,1,1,1,1,1,1,2,1,1,1,3,3,1,63,2,1
5701062,1,2,2,1,1,2,3,1,1,1,1,1,1,1,1,1,1,1,2,1,1,1,4,2,2,68,3,1
5701063,1,3,3,3,1,1,1,1,1,1,1,1,1,1,1,3,1,2,2,1,1,1,4,5,1,68,3,2
5701072,1,2,2,3,1,1,1,1,1,1,1,1,1,1,1,4,4,3,1,2,4,4,1,2,2,19,5,1
5701075,1,1,2,1,1,1,4,1,1,1,1,1,1,1,2,2,2,2,1,1,2,2,3,4,2,19,5,2
5701076,4,2,2,1,1,1,4,1,1,4,1,5,1,1,1,5,1,1,2,2,2,5,3,4,1,45,3,2
5701081,1,1,1,1,1,1,3,1,1,3,1,1,1,2,3,4,1,1,1,1,1,1,1,3,2,54,2,
5701083,1,1,2,1,1,1,3,3,1,2,1,1,1,1,1,3,1,1,1,1,1,3,4,2,2,43,8,2
5701084,5,,3,3,2,4,3,2,3,5,3,2,1,3,5,4,,,2,5,1,1,1,4,1,41,4,4
5701091,1,1,1,1,1,1,3,3,3,3,1,1,1,1,1,1,1,1,1,1,1,1,4,5,2,56,7,4
5701092,1,1,1,1,1,2,2,1,2,1,1,1,1,1,1,2,1,1,1,1,1,1,1,1,2,56,4,4
5701103,1,1,1,1,1,2,2,2,2,2,2,2,1,1,2,2,2,2,1,1,1,1,4,5,2,61,4,3
5701111,2,2,2,1,1,2,5,4,1,1,1,1,1,1,1,1,4,1,2,1,1,3,5,4,2,70,3,3
5701113,1,2,1,2,2,1,4,2,1,1,1,1,1,1,1,4,2,2,2,1,1,1,5,4,1,30,9,4
5701121,1,2,2,2,2,1,4,2,2,2,1,2,1,1,1,1,1,1,1,1,3,2,4,4,2,41,9,2
5701122,3,2,2,1,3,2,4,2,2,2,2,3,1,3,3,4,4,3,2,2,4,5,4,,2,56,3,3
5701131,1,3,1,,1,1,2,4,1,1,1,1,1,2,2,4,4,5,1,1,3,1,1,4,1,21,6,3
5701132,1,1,1,1,1,2,1,3,2,2,4,5,3,1,2,1,2,1,1,2,2,2,2,4,1,73,7,6
5701134,4,3,3,3,1,2,3,5,3,1,1,1,2,3,3,3,4,2,1,1,2,1,1,3,2,60,2,2
5701135,2,2,2,2,1,1,5,1,1,1,1,1,1,3,3,5,4,5,1,2,1,1,1,1,2,22,5,2
5701141,2,1,2,1,1,1,5,1,1,3,1,1,1,1,1,1,1,1,2,2,2,2,3,4,2,70,4,2
5701142,2,1,1,2,3,3,4,1,2,2,1,5,4,2,3,3,1,1,2,3,4,2,4,5,2,52,5,3
5701143,1,1,2,1,1,1,1,1,1,1,1,1,1,1,1,1,1,1,2,1,1,1,4,3,2,41,5,3
5701162,1,1,3,1,1,1,1,1,1,1,1,1,1,1,1,3,1,1,2,1,1,1,4,4,2,49,5,2
5701163,1,2,2,1,2,1,2,2,1,3,1,1,1,1,1,1,1,1,2,2,3,4,4,4,2,50,7,1
5701171,1,3,2,3,1,1,2,1,1,1,1,1,1,1,1,2,4,3,1,1,1,1,4,5,2,48,4,1
5701183,1,1,1,1,1,1,4,1,1,1,1,1,1,1,1,1,1,1,1,1,1,2,4,4,1,23,8,3
5701191,1,2,3,1,1,1,4,1,3,3,1,1,1,1,1,1,1,1,2,2,2,1,4,4,1,52,9,3
5701192,1,3,2,2,1,1,1,1,1,1,1,1,1,1,1,1,1,1,2,1,1,1,2,3,1,52,4,1
5701202,2,2,2,1,1,1,2,1,1,1,1,1,1,1,1,1,1,1,2,2,1,3,5,3,1,32,4,1
5701203,1,2,1,1,1,2,4,3,1,2,3,2,1,1,1,1,1,1,2,1,1,2,4,5,2,64,2,2
5701221,3,3,2,2,1,1,1,1,1,1,1,1,1,1,1,5,5,1,3,2,1,1,4,5,2,52,6,3
5701232,1,2,3,3,1,1,3,,3,1,1,1,1,1,1,,2,,2,2,1,3,5,5,2,54,2,2
5701233,1,2,3,3,1,1,2,2,1,2,1,1,1,1,1,3,5,3,1,3,4,4,5,5,2,25,5,2
5701241,3,2,3,1,3,1,4,3,3,2,2,3,1,1,1,4,4,4,2,1,1,1,3,3,2,41,3,1
5701255,1,2,2,1,1,1,2,1,1,1,1,1,1,1,1,1,1,1,2,1,1,1,4,3,1,40,5,1
5701256,1,3,3,2,1,1,3,1,2,1,1,1,1,1,1,1,1,1,2,1,2,2,3,3,1,55,2,1
5801022,1,2,2,1,1,1,4,5,1,3,1,2,1,2,1,3,5,5,2,3,3,3,5,5,1,73,7,5
5801023,5,2,1,1,3,2,4,1,4,3,3,1,2,2,1,3,4,3,2,1,1,3,5,3,2,60,9,4
5801032,1,2,2,1,1,1,5,3,1,1,1,1,1,1,1,3,3,3,1,1,1,4,4,5,2,35,5,3
5801034,3,2,2,1,1,1,4,2,1,4,1,1,1,1,1,3,3,3,2,1,2,4,2,5,1,49,7,4
5801035,1,2,2,1,2,1,3,,1,3,1,2,2,2,2,4,4,4,2,1,2,3,5,5,2,56,5,3
5801037,3,2,2,1,1,1,1,1,1,4,1,1,1,1,1,3,3,3,1,1,1,1,3,5,1,40,5,1
5801041,5,2,2,2,1,1,2,4,1,1,2,2,1,2,1,4,2,2,2,1,1,5,5,4,1,48,5,2
5801042,1,2,2,1,1,1,1,1,1,3,1,1,1,1,1,3,1,2,2,1,2,4,4,4,2,60,3,1
5801043,1,2,2,1,1,1,3,2,1,1,1,3,1,1,1,4,4,2,1,1,1,3,4,5,2,41,3,3
5801044,2,2,2,1,1,1,3,2,3,3,2,2,1,1,1,3,3,3,1,1,1,4,5,4,1,28,6,4
5801046,3,1,2,2,5,1,5,3,3,3,2,4,2,2,4,3,4,4,2,1,1,1,4,4,2,68,2,1
5801051,2,2,3,1,3,1,5,4,3,3,2,3,1,1,1,3,3,3,2,1,1,4,5,4,2,45,7,2
5801053,2,2,2,1,1,1,5,,1,1,1,1,1,1,1,,4,1,1,1,3,3,4,4,1,32,5,3
5801061,2,2,2,2,1,1,1,2,2,3,3,3,1,1,1,2,2,2,2,2,3,3,4,3,2,52,4,3
5801062,1,2,3,2,1,1,3,,1,,1,1,1,1,2,3,4,4,1,1,2,2,4,5,1,29,8,3
5801063,1,2,1,3,2,1,3,3,3,,2,3,1,1,1,1,1,2,2,1,1,3,4,4,2,53,2,2
5801064,2,2,2,1,2,1,2,1,1,2,2,2,1,1,1,2,4,2,1,1,1,4,3,4,1,23,4,3
5801065,1,2,2,1,1,1,2,1,1,3,1,1,1,1,1,,4,3,2,1,2,3,4,5,1,51,3,3
5801081,,2,2,1,1,1,4,4,3,1,1,4,1,1,1,4,3,4,2,1,1,3,4,5,2,64,3,3
5801082,1,3,2,1,1,1,3,3,2,1,1,1,1,1,1,3,3,3,1,1,4,4,4,5,1,32,4,3
5801083,2,2,2,1,1,1,4,3,1,1,1,1,1,1,1,,4,,1,1,2,2,5,5,1,23,4,3
5801084,2,2,3,3,2,1,3,,2,3,1,2,1,1,1,1,3,3,1,1,1,3,4,3,1,36,5,2
5801085,1,2,1,2,2,1,4,,2,,1,2,1,1,1,1,1,1,2,4,5,5,5,5,1,64,5,3
5801093,1,2,2,2,2,2,4,2,2,3,1,3,1,1,1,1,1,1,2,1,2,2,5,5,2,68,6,3
5801094,2,2,2,1,1,2,4,3,1,3,1,1,1,1,3,5,1,3,2,1,1,5,3,3,2,75,4,3
5801096,3,2,2,1,4,1,5,4,1,3,1,3,2,2,2,4,4,1,2,2,3,3,5,5,2,73,5,2
5801102,1,2,2,1,1,1,4,1,1,,1,1,1,1,1,1,,4,2,1,2,4,4,5,2,65,4,4
5801104,3,2,2,2,2,1,5,2,1,1,2,2,1,1,1,4,4,1,2,2,3,3,4,5,2,39,7,4
5801106,1,2,2,1,2,1,3,4,2,3,1,2,1,1,1,5,5,5,2,1,1,2,4,4,2,45,5,2
5801111,2,2,2,2,2,1,4,3,1,2,1,3,1,1,1,3,5,1,1,1,1,1,4,5,2,68,7,2
5801112,,2,3,3,3,1,4,,1,3,2,3,1,1,1,,4,4,2,1,3,4,4,5,2,74,3,4
5801114,,2,2,3,1,1,1,1,3,3,1,2,1,1,1,4,4,3,2,2,1,4,4,5,2,30,4,2
5801115,3,2,2,1,3,2,4,3,3,2,1,2,1,1,1,,3,4,2,5,4,5,4,5,1,63,4,3
5801121,3,2,3,3,3,3,4,3,4,4,3,3,3,1,1,1,3,,2,2,2,3,5,5,2,74,4,3
5801125,2,1,1,3,2,2,5,2,3,1,2,3,2,2,2,5,5,5,1,3,2,3,4,4,2,29,7,4
5801131,2,2,2,1,2,2,4,3,3,3,2,2,2,2,1,2,3,3,2,3,2,3,4,4,1,72,9,5
5801132,1,2,2,1,1,1,1,1,1,1,1,1,1,1,1,2,4,2,2,2,4,5,5,4,1,72,7,1
5801143,1,2,2,1,1,1,1,1,1,1,1,1,1,1,1,,,,1,1,1,2,4,5,2,56,3,3
5801146,3,2,1,3,1,1,4,2,2,2,1,2,1,1,3,3,3,3,2,5,5,5,5,5,1,41,5,3
5801151,1,2,2,1,1,1,4,2,1,1,1,4,1,1,2,3,4,5,2,1,5,4,5,2,1,50,7,2
5801154,3,2,2,1,2,1,4,4,2,2,1,2,1,2,3,3,3,2,1,2,1,4,5,5,2,41,9,3
5801155,1,1,2,2,2,2,3,3,2,3,1,2,3,3,1,5,5,5,2,2,5,5,4,5,2,52,10,1
5801156,1,3,2,1,1,1,5,1,1,4,1,1,1,1,1,4,4,1,1,1,3,5,4,4,2,66,4,2
5801161,2,2,2,2,2,1,5,2,2,3,5,3,1,1,1,3,4,4,2,2,2,3,4,4,1,64,3,2
5801164,1,2,2,2,3,3,4,3,3,3,1,3,1,1,1,1,,1,1,1,1,2,4,5,2,58,4,3
5801165,4,1,1,1,4,2,5,,1,4,1,5,1,3,3,4,,,2,3,5,5,4,4,2,61,5,
5804011,3,2,2,2,3,3,4,4,2,3,2,2,1,1,1,4,5,5,1,1,1,1,2,5,2,29,7,1
5804014,1,1,2,2,1,1,4,1,1,1,1,1,1,1,1,4,4,3,2,3,3,4,3,3,2,46,7,4
5804015,1,2,1,2,1,1,2,1,1,4,1,1,1,1,1,3,3,3,2,1,3,4,3,1,2,58,9,3
5804017,1,2,2,1,1,1,1,1,1,1,1,3,1,1,1,3,5,4,2,1,3,3,4,2,2,61,5,1
5804021,2,2,2,1,3,2,3,3,2,3,2,3,1,1,1,3,4,3,2,2,3,3,4,5,2,53,4,2
5804022,1,2,2,3,1,1,3,3,2,3,2,1,1,2,3,4,2,3,1,2,3,3,4,5,1,48,2,1
5804023,3,1,2,2,4,1,3,3,3,4,4,4,3,3,3,4,4,4,2,1,2,2,3,4,2,48,2,1
5804024,3,1,1,1,4,3,4,4,3,3,3,4,1,4,4,5,5,5,2,4,4,4,5,5,2,56,3,1
5804025,4,2,1,2,4,3,4,4,3,3,3,4,3,3,3,4,4,5,2,1,3,3,4,5,2,45,3,1
5804031,4,2,2,2,3,3,1,,1,1,1,3,1,2,4,1,3,3,1,1,2,2,4,5,1,57,2,1
5804033,3,1,2,2,3,3,3,3,3,3,4,4,3,3,3,4,4,4,2,1,1,1,5,4,2,65,2,1
5804034,4,2,2,2,3,2,4,4,4,3,3,3,2,2,2,5,5,5,1,1,3,3,3,4,2,20,5,3
5804035,3,2,2,2,3,2,3,3,2,3,3,3,2,2,2,4,4,4,2,1,3,3,5,4,1,58,5,4
5804044,2,2,2,2,2,1,5,2,3,3,1,3,1,1,1,5,5,5,2,2,2,2,5,5,2,31,7,1
5804052,2,3,1,3,3,1,3,3,3,3,2,3,1,1,1,3,4,4,2,1,3,3,5,5,1,39,7,1
5804054,3,1,1,1,3,1,4,2,3,3,2,2,2,2,3,3,4,1,2,1,1,1,3,4,1,69,2,1
5804056,2,2,2,1,2,1,3,,1,2,1,2,2,2,2,4,4,4,2,1,3,3,3,4,1,42,5,1
5804061,3,2,2,1,3,2,2,2,1,2,3,2,2,2,2,3,3,3,2,1,2,2,3,5,1,54,4,3
5804062,5,2,2,3,5,4,5,,2,3,,5,1,5,4,3,4,5,2,1,1,1,4,4,2,65,3,1
5804063,,2,2,1,3,1,3,1,3,3,1,3,1,1,1,5,4,4,2,1,1,1,4,5,2,48,4,2
5804064,3,2,2,2,2,1,5,1,1,1,1,2,1,1,1,4,4,5,2,2,2,2,3,4,2,30,6,1
5804065,3,2,2,1,2,1,3,2,2,2,2,3,1,1,1,4,4,3,2,1,3,3,5,3,1,59,4,2
5804072,2,2,2,3,2,1,3,4,2,3,1,2,1,1,1,4,4,3,2,1,2,2,4,4,2,54,7,2
5804073,5,2,2,1,4,1,4,3,1,3,1,5,1,3,5,4,4,4,2,5,5,5,5,5,2,75,5,4
5804075,2,2,2,1,3,1,4,3,1,1,1,4,1,1,1,4,4,4,2,1,1,4,5,4,2,71,5,3
5804076,2,2,2,1,3,1,4,3,1,3,3,3,1,1,1,4,4,3,2,4,5,4,4,4,1,54,6,1
5804077,3,2,2,1,1,1,2,1,2,2,1,1,1,1,1,2,1,1,2,1,1,2,4,4,2,47,4,1
5804081,1,2,2,2,1,1,1,2,1,1,1,1,1,1,1,4,5,4,1,3,3,3,4,2,1,26,6,2
5804082,2,2,2,2,1,1,3,3,1,3,1,3,1,1,1,1,4,2,1,1,1,1,4,4,2,64,5,1
5804083,4,2,1,1,1,1,2,1,1,1,1,1,1,1,1,3,4,2,2,1,2,3,3,5,1,62,7,2
5804084,3,2,2,1,2,1,2,3,1,2,1,2,2,2,2,4,4,4,2,2,5,5,5,4,2,46,7,3
5804085,1,2,2,1,1,1,2,3,2,2,1,1,1,1,1,3,3,1,1,1,2,5,4,5,2,31,6,1
5804091,3,2,2,1,2,1,4,2,2,2,2,2,2,2,2,3,3,1,2,1,2,2,4,5,1,73,7,3
5804092,1,2,2,1,1,1,3,1,1,1,1,1,1,1,1,4,4,4,2,1,2,3,3,4,2,50,9,4
5804093,2,2,2,1,2,2,3,3,1,1,1,1,1,1,1,4,4,3,2,1,3,3,4,5,2,27,9,3
5804101,2,2,2,1,2,2,4,5,2,3,2,3,2,2,3,3,2,3,1,2,2,2,5,3,2,39,5,1
5804102,1,2,2,1,2,2,4,4,1,2,1,2,1,1,1,4,,,2,1,1,1,3,4,2,36,5,1
5804104,2,2,2,1,2,1,4,,2,3,2,2,1,1,1,4,4,4,2,1,2,2,4,4,1,48,3,2
5804105,1,2,2,1,1,1,4,3,1,3,1,1,1,1,1,3,4,4,1,1,2,1,5,5,2,55,3,3
5804111,3,2,1,1,,,4,4,2,4,3,3,2,2,2,4,4,4,2,1,1,1,4,5,2,52,3,1
5804112,2,2,2,1,2,2,3,2,1,2,2,2,1,1,1,1,3,3,2,1,1,1,3,5,2,73,2,3
5804114,4,2,2,2,2,1,2,,1,1,1,3,1,1,1,,2,4,2,2,4,4,3,5,1,58,4,1
5804115,1,2,2,2,2,2,3,4,3,4,2,2,2,1,1,3,5,3,1,2,2,2,4,4,1,24,8,3
5804121,3,2,2,2,2,2,3,3,1,2,3,3,2,2,2,3,3,3,2,2,3,3,3,4,1,69,4,3
5804123,1,1,1,1,1,1,1,1,1,3,1,1,1,1,1,5,1,1,1,1,2,2,4,5,2,23,5,1
5804124,3,2,1,2,1,1,3,3,1,3,1,1,1,1,1,3,3,3,1,1,3,3,4,5,2,41,9,1
5804125,2,2,2,1,1,1,4,4,3,3,2,2,2,2,2,5,4,4,2,1,3,4,4,4,1,55,7,2
5804126,3,3,3,2,2,2,3,3,3,3,3,2,1,1,1,4,5,5,1,1,1,1,4,4,2,36,9,2
6101013,3,2,1,1,2,1,4,3,3,1,1,3,1,1,3,4,4,4,2,5,5,5,4,3,2,74,7,3
6101014,1,2,2,1,4,1,3,1,1,1,1,3,1,1,1,,3,,2,1,1,5,5,5,2,68,2,3
6101017,1,1,1,1,2,1,3,4,4,2,2,1,1,1,3,3,3,3,2,3,2,3,4,3,1,38,9,3
6101023,1,2,1,1,2,2,5,2,2,1,3,3,3,4,3,2,1,1,2,4,4,5,5,5,2,25,6,3
6101031,3,3,2,1,3,1,4,,2,,2,3,,,,2,2,2,2,1,1,1,4,4,2,74,2,
6101033,2,2,2,1,2,2,5,2,2,4,2,2,2,3,2,4,3,3,1,3,2,4,4,5,1,30,10,3
6101035,1,2,2,1,3,1,4,1,3,3,1,3,3,1,1,3,3,1,2,2,3,3,5,5,2,66,9,3
6101036,3,2,2,1,3,1,3,2,2,2,2,3,1,2,1,3,2,2,2,3,3,4,4,3,1,52,7,3
6101051,1,2,2,1,1,2,4,1,2,1,1,1,1,1,1,1,1,1,1,1,2,3,2,1,1,60,5,1
6101052,1,2,2,1,3,2,3,1,1,2,2,1,1,1,1,3,3,2,1,3,5,5,5,5,1,31,6,3
6101055,3,2,2,1,3,3,3,3,3,3,3,3,3,3,3,3,3,3,2,2,1,3,5,3,2,28,5,2
6101056,,2,2,1,1,1,1,1,1,1,1,1,1,1,1,3,1,2,1,1,1,1,5,4,1,22,5,1
6101061,2,2,2,1,4,1,4,3,1,1,1,5,1,3,3,4,4,3,1,5,4,5,5,5,2,72,5,3
6101062,1,2,2,1,2,1,2,1,1,2,2,1,1,1,1,1,2,1,1,1,1,1,5,5,1,43,4,3
6101064,3,2,2,1,2,2,2,4,4,4,3,1,4,3,1,2,4,1,2,2,4,5,5,5,2,65,5,2
6101076,1,2,2,1,3,1,4,4,3,3,2,1,1,1,1,3,3,1,2,2,3,5,4,4,1,37,8,1
6101081,1,2,2,1,2,1,3,1,2,2,3,2,1,1,1,3,,3,2,1,1,2,5,5,1,48,4,1
6101082,3,2,1,1,2,1,2,2,2,2,2,2,1,1,1,4,,1,2,1,1,5,4,4,2,46,4,1
6101083,3,2,2,1,3,2,4,2,1,3,1,3,2,2,2,2,4,3,1,1,3,3,4,4,1,18,5,1
6101084,2,2,2,1,1,2,2,4,1,1,3,1,3,1,4,4,5,4,2,4,4,5,5,5,1,30,5,1
6101091,1,2,1,3,2,1,2,2,1,3,1,4,1,1,1,3,3,3,2,1,3,3,5,5,1,44,9,3
6101092,,2,2,1,5,1,5,4,4,3,5,4,1,1,1,5,5,5,2,1,1,3,5,5,2,51,4,1
6101093,1,2,2,1,1,1,2,1,1,1,1,2,1,1,1,3,1,1,2,1,2,3,4,2,2,59,4,1
6101094,1,2,1,2,1,1,5,3,,1,1,1,4,1,1,,5,1,1,1,2,1,5,5,1,52,2,1
6101101,3,2,2,1,1,1,2,3,2,1,1,1,1,1,1,3,4,3,,3,3,3,5,4,2,31,8,1
6101102,3,2,2,1,2,1,3,2,2,2,1,2,1,1,1,3,1,1,2,1,1,5,5,5,2,55,3,2
6101105,2,2,2,1,3,3,4,3,3,3,2,3,2,2,2,3,3,4,2,2,4,5,5,5,1,51,9,3
6101112,,2,1,1,1,1,3,3,1,3,1,1,1,1,1,1,3,1,1,1,1,5,5,5,2,46,4,4
6101113,1,2,1,2,2,2,5,3,2,2,3,2,2,2,2,3,,3,1,1,1,5,5,4,2,30,5,2
6101115,2,2,2,1,2,1,3,,1,2,1,1,1,1,1,3,3,3,2,1,1,2,5,5,2,46,7,1
6101122,1,2,1,1,2,1,2,4,1,4,1,2,1,1,1,,,,2,1,3,5,5,5,2,58,2,2
6101132,1,2,2,1,1,1,1,1,1,1,1,1,1,1,1,2,3,2,1,1,1,5,5,5,1,38,5,4
6101133,1,2,2,1,1,1,2,1,1,1,1,1,1,1,1,2,2,1,2,1,1,2,5,4,2,58,2,1
6101143,1,2,2,1,1,1,3,3,3,3,1,1,2,1,1,3,3,2,2,4,5,5,4,4,2,43,4,4
6101151,1,2,2,1,1,1,2,2,1,1,1,1,1,1,1,1,,1,2,3,3,4,4,4,2,41,6,1
6101152,1,2,3,1,1,1,2,2,3,5,1,1,3,1,1,5,3,2,1,1,1,5,5,5,2,60,5,3
6101154,2,2,1,2,3,2,3,1,1,1,1,3,2,2,2,4,,,2,1,1,5,5,5,1,35,9,3
6101161,,2,2,1,1,1,3,1,1,1,1,1,1,1,1,1,3,1,1,1,4,1,4,5,1,29,8,1
6101162,,2,2,1,2,2,2,2,2,2,3,3,,1,1,3,3,3,2,2,1,3,4,4,2,51,4,3
6101171,3,2,2,1,2,1,4,4,2,4,2,4,1,1,1,3,4,2,2,2,2,3,5,5,1,44,7,2
6101172,2,2,2,1,2,1,4,2,3,2,2,2,1,2,2,3,5,2,2,2,2,4,4,5,1,58,5,1
6101182,3,1,1,2,3,3,3,4,3,3,3,3,1,2,2,3,3,3,2,3,3,4,5,5,2,44,7,1
6101191,1,3,2,1,1,1,2,2,1,2,1,2,1,1,1,1,2,3,1,1,1,3,4,4,1,43,7,3
6101194,3,2,2,1,4,1,3,4,4,4,2,4,1,3,1,1,5,1,2,1,1,1,5,4,1,54,6,1
6101201,1,2,2,1,1,1,4,1,1,1,1,1,1,1,1,3,4,3,2,3,3,3,5,4,2,30,7,5
6101205,3,2,2,1,3,3,4,2,2,3,3,3,3,3,4,4,4,3,1,3,5,5,5,5,2,33,7,5
6101216,3,2,2,1,3,1,5,1,2,2,4,4,1,1,1,1,4,1,1,2,1,5,5,5,2,68,2,1
6105011,1,2,1,1,2,2,2,2,1,2,2,2,1,1,2,2,2,2,3,3,3,3,4,4,2,18,4,1
6105014,,2,1,1,2,,4,2,2,2,,3,1,1,1,1,1,1,1,1,1,3,5,5,2,56,2,1
6105022,2,2,2,2,3,1,4,1,2,2,2,3,,2,1,4,3,3,2,2,1,4,5,5,1,59,5,3
6105026,3,2,2,1,3,3,4,3,3,2,2,3,3,3,3,3,3,3,1,1,2,2,3,3,1,23,4,2
6105031,1,2,2,3,2,1,2,2,1,2,1,2,1,1,1,4,4,4,2,1,3,4,5,2,2,68,2,1
6105032,4,2,1,2,4,2,5,2,2,4,2,4,1,2,4,3,5,2,2,2,2,5,5,5,1,54,4,1
6105033,1,1,2,1,3,1,4,3,2,2,1,3,1,1,2,4,3,3,2,1,2,1,4,4,2,45,5,3
6105041,1,2,2,1,1,1,2,2,1,1,1,1,1,1,3,1,4,1,1,1,4,5,5,4,1,23,5,3
6105042,2,2,2,1,1,1,3,2,3,1,2,2,1,1,1,4,4,3,1,1,1,3,4,5,2,30,7,1
6105043,3,2,2,1,1,1,4,4,2,2,2,2,1,1,1,3,2,2,1,1,1,3,5,5,2,40,5,2
6105044,2,2,3,1,3,3,3,3,3,3,3,3,3,3,3,4,1,1,2,1,1,4,5,4,2,49,2,1
6105061,5,2,2,1,3,2,4,2,3,5,3,2,2,2,2,4,4,3,2,4,4,5,5,4,2,58,5,4
6105063,2,2,2,1,3,2,2,3,1,3,3,2,4,1,1,1,1,1,2,3,3,5,5,5,1,70,4,1
6105071,3,2,2,1,1,1,1,1,3,1,1,1,1,1,1,1,3,1,1,1,4,4,4,3,2,18,5,2
6105072,2,2,2,1,3,3,3,4,3,3,3,3,,,,2,,,2,3,3,4,5,5,2,43,5,2
6105073,1,2,2,1,1,2,3,1,2,2,1,1,3,1,1,2,3,1,2,2,2,5,4,4,1,66,3,3
6105074,4,2,2,1,3,2,3,3,2,2,3,3,2,2,2,3,3,3,2,4,3,5,5,4,1,27,7,2
6105092,5,2,2,1,2,2,3,2,1,,,1,1,1,1,2,,2,2,1,2,1,4,5,2,50,5,3
6105094,3,2,2,1,2,1,2,4,4,1,1,4,1,1,1,1,1,1,2,1,1,1,5,5,2,70,4,4
6105103,1,2,2,1,3,1,3,2,3,3,3,4,2,2,2,1,3,1,2,1,1,3,5,5,2,56,2,2
6105104,1,2,2,1,2,1,2,2,2,2,2,2,1,1,1,2,2,1,1,1,1,5,5,5,1,30,5,2
6105113,2,2,1,1,2,2,3,3,3,3,1,1,1,1,1,1,1,1,2,1,1,1,3,2,2,54,2,3
6108011,2,2,1,1,1,1,2,1,1,1,1,1,1,1,1,2,3,,2,2,2,3,3,3,1,58,4,2
6108012,1,3,3,3,1,2,2,1,2,3,2,1,2,2,2,2,3,2,1,1,2,2,5,5,1,32,5,2
6108022,1,2,2,1,1,1,2,1,2,1,1,1,1,1,1,2,2,2,2,3,3,4,5,4,1,46,5,3
6108031,1,2,2,1,1,1,3,3,2,3,1,1,1,1,1,3,3,2,2,1,3,3,5,5,2,25,5,1
6108033,,2,2,1,5,2,5,1,5,5,5,5,,1,,1,2,1,2,3,1,1,4,4,1,75,1,1
6108041,2,2,2,1,2,2,3,2,3,3,3,1,1,1,1,,,3,,1,1,1,3,2,2,42,2,1
6108042,3,2,1,2,1,1,2,2,2,2,1,2,2,2,2,3,4,2,1,1,3,2,4,4,2,27,5,1
6108043,1,2,2,1,1,1,3,1,3,4,1,1,1,1,1,1,2,1,1,1,1,3,5,4,1,33,7,3
6111011,1,2,2,2,3,3,4,2,2,2,2,3,3,2,1,4,3,3,2,1,3,3,5,4,2,54,3,2
6111013,2,2,2,1,3,1,4,3,3,3,2,2,1,1,1,4,3,4,2,4,5,5,4,4,2,45,9,4
6310011,3,2,2,1,3,3,3,,1,1,1,3,2,3,1,3,2,3,2,2,3,5,5,5,1,62,3,1
6310012,1,2,2,1,1,1,2,3,1,4,1,2,1,1,1,3,3,3,2,1,1,3,5,4,2,43,7,3
6310013,2,2,2,1,3,1,3,3,1,1,1,3,1,1,1,3,2,1,1,3,1,3,4,4,2,23,7,4
6310021,4,2,2,1,4,1,4,1,4,4,1,5,1,3,3,4,4,4,2,1,4,4,5,5,2,60,5,5
6310022,1,1,2,1,1,1,1,1,1,1,1,1,5,5,4,4,4,1,2,4,5,5,5,5,1,50,7,2
6310024,3,2,2,1,1,1,4,1,1,1,1,1,1,1,1,3,3,2,2,1,1,4,5,5,1,62,4,3
6310032,1,2,2,1,1,2,2,1,2,2,2,3,4,2,1,1,1,2,2,1,1,5,5,5,2,54,3,3
6310033,1,2,2,1,2,1,4,4,1,2,2,3,2,2,2,3,3,2,2,2,1,4,3,2,1,42,5,2
6310035,3,2,2,1,2,1,5,1,4,1,1,1,1,1,1,1,1,1,2,2,1,4,5,4,2,46,5,3
6310041,4,2,1,2,2,2,2,1,2,1,1,4,1,1,1,1,1,1,2,1,1,3,3,3,2,41,3,3
6310051,1,3,1,1,4,1,1,2,1,1,1,1,1,1,1,2,3,2,1,3,4,4,5,5,2,26,7,4
6310052,1,1,2,3,2,1,4,3,1,3,2,2,2,1,1,4,4,4,2,1,3,4,5,5,2,70,2,3
6310063,1,2,2,1,1,1,2,1,1,1,1,3,1,1,1,3,5,1,2,1,3,3,5,4,2,68,2,3
6310064,3,2,2,2,4,2,4,4,3,2,2,4,1,2,5,5,4,4,2,4,3,4,5,5,2,53,7,6
6310081,2,2,2,2,2,2,2,4,2,2,2,2,1,1,1,1,1,1,2,1,1,1,5,4,2,24,7,2
6310082,3,2,2,1,2,1,4,3,3,3,1,3,1,1,1,3,3,3,2,1,1,1,5,4,2,43,5,3
6310083,2,2,2,1,2,2,3,4,1,3,1,2,1,1,1,5,5,3,1,1,1,4,5,5,2,22,7,2
6310091,2,2,2,1,3,1,1,1,1,3,1,3,1,1,1,4,4,4,2,2,4,4,5,5,1,36,7,4
6310093,2,2,2,2,1,1,3,3,1,3,1,3,1,1,1,3,3,3,2,1,1,1,5,5,2,33,7,2
6310101,1,2,2,1,3,2,3,1,2,3,1,2,1,1,1,3,2,1,1,1,3,4,5,4,2,47,7,3
6310103,4,2,2,2,3,3,4,4,1,3,3,3,3,2,2,3,4,3,2,2,3,5,5,3,2,47,7,2
6310111,2,2,1,1,2,1,2,3,1,1,1,1,1,1,1,3,2,2,2,2,1,3,5,4,2,43,2,2
6310112,1,2,2,2,1,1,4,1,2,2,1,1,1,1,1,1,1,2,2,1,1,4,5,4,2,52,2,1
6310113,3,2,1,1,4,1,1,1,2,1,1,1,2,1,1,3,1,3,2,1,1,1,5,4,2,73,1,1
7101032,3,2,2,1,3,1,4,4,3,2,3,3,1,1,1,,,3,2,1,1,1,5,4,2,52,7,3
7101034,1,2,2,2,2,1,4,4,2,2,2,2,1,1,1,3,3,3,1,1,1,5,4,4,1,35,6,2
7101042,2,2,2,1,2,1,3,3,3,3,1,2,1,1,1,2,1,1,2,1,4,4,4,2,1,65,3,1
7101044,1,2,2,2,2,1,3,2,2,1,1,2,1,1,1,2,4,2,1,1,3,4,5,3,1,41,5,2
7101051,3,2,2,1,1,1,1,3,1,1,1,1,1,3,1,3,3,3,2,3,3,4,5,5,2,52,3,3
7101052,3,2,2,1,3,3,3,3,3,3,3,2,3,3,2,2,3,3,1,3,3,4,4,3,2,31,5,1
7101053,1,2,2,1,1,1,2,3,1,1,1,2,1,1,1,3,3,3,1,2,1,2,4,4,2,28,6,3
7101071,2,2,1,1,2,2,3,3,3,2,2,3,1,1,1,,2,1,2,2,3,3,5,4,2,62,3,1
7101072,1,2,1,1,2,2,3,2,1,2,1,2,1,1,2,1,3,1,2,1,1,3,5,5,1,60,3,3
7101073,1,3,2,3,2,2,3,2,3,2,2,2,2,2,2,2,2,2,2,1,1,1,5,5,2,27,8,4
7101091,2,2,2,2,2,2,4,4,2,2,2,2,1,2,2,2,3,2,2,2,3,3,5,4,2,47,5,2
7101092,5,2,2,,5,1,3,,2,4,3,5,1,3,3,4,3,4,2,1,2,2,4,1,2,71,5,3
7101093,3,2,2,1,1,1,4,4,1,2,2,4,1,2,2,4,,,2,2,3,3,4,4,2,46,4,2
7101111,1,2,2,1,1,2,3,3,1,1,1,1,1,1,,3,3,2,2,1,2,2,5,3,2,55,3,1
7101112,3,2,2,2,3,2,4,3,4,4,3,2,2,3,3,4,4,4,1,2,1,3,4,4,1,25,9,2
7101113,3,2,2,1,3,2,4,4,2,2,2,3,1,3,2,3,1,3,2,1,1,3,5,2,2,74,3,2
7101121,2,2,2,1,2,2,3,3,3,3,2,3,2,3,3,3,3,2,2,4,4,4,4,2,2,39,8,4
7101122,3,2,2,1,3,2,4,3,4,4,3,3,3,2,1,2,4,2,2,3,3,4,5,5,1,44,9,3
7101123,3,2,2,1,3,2,4,4,1,3,1,1,1,1,2,5,5,5,2,5,5,5,5,5,1,26,9,2
7101142,1,2,2,1,1,1,2,1,2,1,1,1,1,1,1,3,,1,2,1,1,2,5,4,2,44,3,2
7101144,,2,2,1,1,1,3,2,2,3,1,1,1,1,1,1,1,1,1,1,1,5,4,4,1,29,5,3
7101162,3,3,3,3,1,1,2,2,1,1,1,1,1,1,1,2,1,1,2,1,2,5,4,4,2,65,2,1
7101163,3,3,3,3,4,2,4,1,1,4,4,4,1,1,1,1,1,1,2,1,2,2,4,5,1,67,2,1
7101172,4,2,2,1,4,3,4,4,3,3,3,4,1,2,2,3,3,3,2,2,2,3,4,5,2,66,4,4
7101173,2,1,2,1,2,1,2,3,2,2,1,3,1,1,1,3,3,2,2,1,1,3,5,4,1,21,8,3
7101181,2,1,1,2,1,1,3,2,1,3,1,1,1,1,1,4,4,4,2,3,4,4,4,2,2,24,8,2
7101182,2,2,2,3,2,1,4,3,4,3,3,2,1,1,1,2,3,3,1,2,3,5,4,4,2,50,5,2
7101191,3,1,2,1,1,2,2,3,2,2,1,2,2,2,2,4,4,4,2,1,2,5,5,1,2,43,9,1
7101192,2,2,2,1,2,1,3,3,2,2,2,2,2,2,2,3,3,2,1,3,5,5,4,5,2,35,7,3
7101203,3,1,1,2,4,2,4,2,3,1,2,3,1,2,1,3,1,2,2,1,2,3,5,3,1,74,4,1
7101212,3,2,3,3,3,,3,3,3,2,3,3,,,,3,,,1,2,2,3,4,3,2,37,5,3
7101213,1,2,2,3,1,1,3,1,3,3,1,1,1,1,1,4,3,4,2,1,5,5,5,4,2,56,1,2
7101231,3,1,1,2,2,1,4,,4,3,3,3,,,,,,,2,1,1,1,5,4,2,46,5,3
7101232,3,2,2,1,3,2,3,3,4,3,2,2,2,3,2,4,4,3,2,2,1,3,4,5,2,24,9,3
7101233,1,2,2,1,1,1,3,1,3,3,1,1,1,1,1,4,5,3,2,1,3,2,5,5,1,59,4,2
7102011,1,2,2,1,1,1,4,1,1,3,1,1,1,1,1,3,3,3,2,1,1,1,4,4,1,63,3,2
7102012,1,2,3,3,1,1,4,1,1,1,1,1,1,1,1,4,4,4,2,1,1,1,4,3,1,74,5,2
7102013,1,2,2,1,1,1,3,1,1,3,1,1,1,1,1,4,4,,2,1,2,2,4,2,1,52,5,
7102021,2,2,2,1,1,1,5,1,4,4,1,1,1,1,1,3,4,4,1,1,1,1,4,4,2,65,9,3
7102023,1,2,2,1,1,1,4,1,1,2,1,1,1,1,1,2,4,2,1,1,1,1,4,1,1,38,9,2
7102031,,2,1,2,2,1,1,1,1,1,1,1,1,1,1,4,4,,2,1,1,2,4,2,2,67,7,3
7102042,2,2,2,1,2,2,4,4,1,3,2,2,3,3,3,3,4,4,2,2,3,4,4,5,1,33,9,3
7102043,1,2,2,1,1,1,1,1,1,4,1,1,1,1,1,,3,3,2,1,1,1,4,2,1,59,9,3
7102051,2,2,2,1,1,1,3,1,1,3,1,3,1,1,1,,,,1,1,1,1,5,5,1,45,5,3
7102052,1,,,1,,,4,5,4,2,,,1,1,1,1,,,1,1,1,2,4,5,1,56,4,2
7102053,1,2,2,1,1,1,3,1,1,4,1,1,1,1,1,,,,1,1,2,1,2,3,2,68,9,2
7102061,3,2,2,2,1,1,2,1,1,1,1,2,3,3,1,4,3,3,1,1,1,1,5,5,2,41,5,3
7102062,3,2,2,1,4,3,4,2,3,3,3,4,1,1,1,1,3,2,1,1,1,3,5,2,1,40,5,2
7102063,1,2,2,1,1,1,2,1,1,1,1,1,1,1,1,1,1,1,2,1,4,4,5,4,1,26,4,1
7102071,1,2,2,1,1,1,4,4,2,2,1,4,1,2,1,4,4,4,2,1,2,1,2,4,1,40,5,2
7102072,2,2,2,3,2,1,4,2,3,2,2,2,2,2,2,4,4,4,2,3,4,5,4,4,1,50,6,3
7102073,,2,2,1,3,2,5,3,4,2,1,2,,,,4,4,3,1,1,1,1,5,4,2,35,5,2
7102081,1,2,2,1,1,1,3,5,1,3,1,1,2,2,1,1,3,3,2,1,1,1,5,5,1,63,3,1
7102083,1,2,2,1,1,1,4,1,1,4,1,1,1,1,1,4,4,,2,1,1,2,4,4,1,66,5,
7102091,1,2,2,1,1,1,1,1,1,1,1,1,1,1,1,3,5,1,2,1,1,3,5,5,2,51,3,1
7102092,1,2,2,3,1,1,1,1,1,1,1,3,1,1,1,1,,,2,1,1,1,2,5,2,50,5,3
7102093,3,2,2,1,3,2,4,,4,5,4,5,1,1,1,2,2,1,2,1,1,1,4,4,2,48,3,3
7102101,2,2,2,1,2,2,2,2,2,2,2,2,1,1,1,,,,2,1,1,1,5,5,1,33,5,3
7102103,2,2,2,1,1,2,3,4,4,3,2,1,2,3,2,1,1,2,2,1,1,1,4,4,1,47,3,1
7102111,4,2,2,1,4,4,4,2,2,2,3,4,,,,2,4,3,2,2,2,2,5,5,1,24,4,1
7102112,1,2,2,3,1,1,4,1,1,1,1,4,1,1,1,3,1,1,2,1,1,1,4,4,1,43,4,3
7102113,1,2,2,1,1,1,4,2,1,3,1,3,1,1,1,3,3,,1,1,1,1,4,3,2,28,6,2
7102121,2,2,2,1,1,1,3,2,2,1,1,1,1,1,1,3,4,3,1,1,4,4,4,2,1,32,9,1
7102122,3,2,2,1,3,1,4,3,2,1,3,3,,,,4,4,4,1,2,2,3,5,4,1,29,5,1
7102123,3,1,2,1,2,2,4,4,3,3,3,3,2,2,2,3,4,3,2,4,3,4,4,4,2,34,9,5
7102141,1,2,2,1,1,1,1,1,1,1,1,1,1,1,1,1,1,1,1,1,2,4,5,4,2,44,5,2
7102142,1,2,2,2,1,1,3,2,3,1,1,1,1,1,2,3,4,4,2,1,1,1,4,5,1,59,5,4
7102143,1,2,2,1,3,1,1,1,2,3,1,3,1,2,1,1,1,1,2,2,2,3,4,4,2,49,5,2
7102152,1,2,3,1,1,2,4,,,4,1,1,4,,,2,,,1,1,3,3,3,1,2,56,7,1
7102162,4,2,2,1,3,1,3,1,3,1,1,3,1,1,1,1,1,1,2,1,1,2,4,4,2,73,2,1
7102163,2,2,2,1,2,1,3,4,1,1,1,1,1,1,1,1,1,1,2,1,1,1,5,4,1,29,4,1
7102171,2,2,2,1,4,,4,2,2,2,1,4,1,1,1,2,,,2,1,2,1,4,4,2,50,5,1
7102172,3,2,2,1,3,1,3,3,4,3,3,2,3,3,4,3,3,3,2,2,1,2,5,5,2,22,6,2
7102181,2,2,2,1,2,2,2,2,1,2,2,2,1,2,1,4,4,4,2,1,1,1,4,3,2,55,4,3
7102183,2,2,2,3,2,2,2,1,1,2,2,3,3,3,2,3,3,3,2,2,3,4,3,1,1,49,4,1
7102191,1,2,2,1,1,1,2,3,1,1,1,3,1,1,3,3,3,3,2,1,4,4,4,5,1,43,5,2
7102192,4,2,2,2,3,1,3,,3,3,3,3,1,1,1,3,3,,2,1,1,3,3,5,2,75,2,3
7102201,1,2,2,1,3,1,2,1,3,3,3,3,,,,1,3,1,2,1,2,3,5,5,2,34,5,3
7102202,2,2,2,1,1,1,5,1,1,2,1,3,2,2,3,4,3,2,2,1,2,2,5,5,2,55,5,2
7102214,5,2,2,1,5,3,3,1,1,2,2,5,1,3,3,1,3,1,2,2,1,4,5,5,2,66,2,1
7102215,3,2,2,1,1,1,1,1,1,2,1,1,1,1,1,,,,2,1,1,1,4,4,2,57,3,1
7102221,3,1,1,1,3,2,4,2,3,3,1,3,3,3,3,4,3,3,1,2,2,5,4,5,2,43,4,3
7102222,3,2,1,1,1,1,5,4,1,4,4,1,4,3,1,3,4,4,2,1,5,3,4,4,1,54,5,3
7102223,2,2,1,1,2,2,5,5,5,5,2,2,3,3,1,4,4,3,2,1,2,3,4,5,1,35,5,2
7102231,1,2,2,1,1,1,2,1,2,2,1,1,1,1,1,3,3,3,2,1,2,3,5,5,2,56,4,1
7102233,2,2,2,1,3,2,4,4,3,2,1,4,1,2,3,3,3,1,2,2,4,2,5,3,2,48,5,2
7102241,3,2,2,1,3,1,4,3,3,4,3,3,1,1,1,3,3,1,2,2,2,5,5,5,2,58,5,3
7102242,1,2,2,1,2,1,3,1,2,1,1,2,1,1,1,3,3,3,1,1,1,1,5,5,2,41,5,3
7102252,,2,2,1,1,1,2,1,1,1,1,1,1,1,1,3,3,3,1,1,1,2,4,3,2,37,5,
7102253,2,2,2,1,1,2,5,1,1,1,1,1,1,1,1,3,1,1,1,2,2,2,5,4,1,73,4,3
7105012,2,2,2,2,3,1,3,2,2,2,1,3,1,1,1,4,3,3,1,1,2,5,4,4,2,34,7,1
7105013,1,2,2,1,,1,5,3,1,1,1,2,1,1,1,4,3,3,2,1,1,1,5,5,2,73,3,2
7401011,1,2,3,1,2,1,5,2,2,2,1,2,1,2,2,3,2,2,2,1,2,2,4,3,2,64,4,1
7401012,2,2,2,1,1,1,1,1,1,1,1,1,1,1,1,3,4,2,2,1,1,1,5,4,2,53,5,3
7401013,3,2,1,2,2,1,3,3,3,2,2,2,1,2,3,4,4,,2,4,5,5,5,3,1,53,9,2
7401023,1,1,2,2,1,1,4,3,3,3,2,1,3,3,2,4,4,4,2,4,4,4,4,5,2,55,8,3
7401031,2,2,2,1,1,1,3,1,2,1,2,2,1,1,2,3,3,3,2,1,3,3,4,5,2,60,3,1
7401032,1,2,2,1,2,1,5,2,3,3,1,4,1,1,1,2,1,2,2,1,1,3,5,3,2,74,2,1
7401033,1,2,2,1,3,1,3,2,2,2,3,3,1,2,1,1,3,2,2,1,2,2,5,3,2,71,4,3
7401041,1,2,1,1,1,1,1,1,1,1,1,1,1,1,1,2,5,2,1,1,1,3,4,5,1,31,5,1
7401043,2,2,2,1,2,1,5,4,2,2,2,2,1,1,1,5,5,4,2,1,1,4,5,4,1,73,4,3
7401044,3,2,2,1,4,3,4,1,3,3,3,5,2,1,2,3,3,3,1,3,3,3,4,3,1,75,2,1
7401051,1,2,2,1,1,2,2,1,1,3,1,1,1,1,1,2,,3,2,1,1,1,5,3,2,50,7,3
7401052,1,2,2,2,2,2,3,3,4,3,2,2,1,2,3,4,4,3,2,2,3,4,4,4,2,26,8,3
7401053,3,2,1,1,3,1,4,1,1,1,1,2,1,1,1,2,1,2,2,1,1,3,5,5,2,73,2,1
7401061,2,2,2,2,2,2,3,2,2,2,2,2,1,1,1,3,2,2,2,1,1,2,5,3,2,69,2,1
7401063,2,2,2,2,2,2,3,2,4,2,3,2,2,2,3,3,2,2,1,2,2,2,5,5,2,21,5,1
7401071,1,2,2,1,1,1,4,1,1,1,1,1,1,1,1,3,4,4,2,1,1,3,5,5,1,51,3,1
7401072,,2,2,1,1,1,2,2,2,1,1,1,1,1,1,1,2,2,2,1,1,1,5,5,1,31,3,2
7401073,,2,2,1,5,2,3,1,3,1,3,3,1,1,1,2,2,2,1,1,1,1,5,3,2,24,4,1
7401081,2,2,2,1,3,2,4,4,3,3,3,4,1,1,1,3,3,3,1,1,2,4,5,5,1,29,4,1
7401082,2,1,2,2,2,2,3,2,3,2,2,3,2,2,1,2,4,3,2,1,1,3,4,4,1,58,3,1
7401083,1,2,2,1,2,1,3,3,1,1,1,1,1,1,1,2,4,3,1,1,1,1,4,4,1,26,6,1
7401091,1,2,2,1,3,3,4,1,2,2,2,2,2,2,3,3,3,3,2,4,5,5,4,3,1,31,3,2
7401093,1,2,1,1,1,1,3,3,1,3,1,2,1,1,1,3,1,1,1,1,1,3,5,5,1,46,5,1
7401101,1,2,2,2,2,1,1,1,2,1,1,2,1,2,1,2,2,2,2,2,2,3,4,4,2,35,2,2
7401102,1,2,2,1,2,1,4,4,1,2,1,3,1,1,1,4,3,3,2,2,3,3,4,4,1,54,3,2
7401111,3,2,2,3,2,2,3,2,2,2,2,2,2,2,2,3,3,4,1,1,1,3,4,5,2,21,6,3
7401112,3,2,1,2,2,2,3,2,3,2,2,3,,,,4,5,3,1,2,1,1,5,3,2,33,5,3
7401122,3,1,1,1,2,2,4,2,2,3,2,2,2,2,2,4,3,3,2,1,3,4,5,5,2,35,7,3
7401123,1,1,1,2,1,1,5,1,1,4,1,1,3,3,2,3,3,3,2,2,2,4,5,5,2,47,9,4
7401131,1,2,2,1,3,1,4,2,3,1,1,1,3,3,1,4,,3,1,1,1,1,5,3,2,47,2,2
7401133,1,2,2,2,1,1,2,1,1,1,1,1,1,1,1,3,1,1,2,1,3,3,5,2,2,50,4,2
7401141,,2,2,2,1,1,4,1,3,1,1,3,1,2,1,1,1,1,2,1,3,3,5,3,1,46,4,1
7401142,3,2,2,1,2,1,4,1,1,2,1,2,1,1,1,1,5,4,2,2,3,5,5,5,1,22,5,2
7401143,1,2,2,2,2,3,3,3,2,3,2,1,1,2,2,1,3,3,1,1,1,1,5,5,1,19,4,1
7401151,2,2,2,1,2,1,4,1,1,2,1,1,1,2,2,1,1,1,1,1,1,2,4,2,2,49,7,3
7401152,1,2,3,3,1,1,2,2,1,4,1,1,1,2,1,3,3,3,2,5,5,5,2,5,2,60,8,3
7401153,1,2,2,1,2,2,2,3,4,3,3,3,2,2,3,4,3,3,2,1,2,5,5,5,2,23,8,4
7401162,2,2,3,3,2,1,3,2,2,1,1,2,1,1,1,1,2,1,2,1,2,5,5,1,2,63,9,3
7401172,1,2,2,1,1,1,3,3,1,2,1,1,1,1,1,4,4,4,1,1,3,4,5,5,1,42,7,3
7401173,2,2,2,1,1,1,5,3,1,3,1,1,2,2,2,4,4,4,2,3,4,4,5,4,2,24,8,3
7401182,3,2,2,1,2,2,4,2,3,3,3,2,2,2,2,3,4,4,1,3,3,3,3,5,1,22,4,3
7401183,3,1,1,2,3,3,5,3,2,2,2,2,2,2,2,4,2,2,1,1,2,3,5,5,2,49,5,3
7401191,2,2,2,1,2,1,4,1,2,2,1,2,1,1,1,1,1,1,1,1,1,1,4,3,2,49,7,3
7401192,3,2,2,1,2,1,4,1,4,1,3,4,2,1,1,4,4,2,2,2,1,3,4,4,2,54,2,1
7401193,1,2,2,1,1,1,4,1,1,4,1,1,1,1,1,4,4,,2,1,1,3,4,5,1,52,3,1
7401211,3,2,2,1,1,1,3,3,3,3,3,2,1,1,1,4,4,4,2,1,1,3,4,3,2,50,2,3
7401212,2,2,2,1,2,1,4,3,2,3,1,3,1,1,1,4,2,3,1,1,1,2,5,5,2,41,2,3
7401213,1,2,2,2,1,1,4,,1,2,1,1,1,1,1,3,,2,1,1,2,1,5,4,2,47,7,3
7401221,,2,2,3,,1,3,3,3,3,3,3,3,2,3,4,2,1,2,1,1,1,4,5,2,61,2,1
7401222,1,2,1,2,2,1,4,2,1,2,2,2,1,1,1,4,3,3,2,1,1,5,5,5,2,56,4,2
7401223,2,2,1,2,3,3,4,1,1,1,1,3,3,1,1,1,1,2,2,3,3,3,5,5,2,32,7,2
7401231,1,2,2,2,1,1,3,1,1,1,1,1,1,1,1,3,3,3,1,1,1,1,5,5,2,32,5,3
7401232,1,2,2,2,1,1,3,1,1,1,1,1,1,1,1,2,1,1,1,1,1,1,5,5,2,70,4,1
7401233,,2,2,1,1,1,3,1,1,2,1,1,1,1,1,1,1,1,1,1,1,3,4,3,2,49,3,3
7401251,,2,2,2,3,3,3,3,3,3,3,3,3,3,3,3,3,3,1,1,1,2,4,5,1,33,4,2
7401253,1,2,2,2,2,1,4,3,2,4,2,1,2,1,1,2,2,2,1,1,2,3,5,5,1,21,5,1
7401254,1,2,2,1,1,1,2,1,2,2,2,2,1,1,1,1,2,1,2,1,1,3,4,4,2,35,5,1
7404012,3,2,2,1,2,2,2,1,1,1,1,3,1,1,1,1,1,1,2,1,1,3,3,3,2,72,2,2
7404013,3,2,2,1,2,1,2,3,3,3,3,3,3,1,1,3,3,3,2,1,3,3,5,2,2,47,5,3
7404021,1,1,2,3,1,1,4,3,2,1,2,2,1,1,1,4,4,4,1,1,1,4,5,4,1,36,8,2
7404031,3,2,2,1,3,1,3,3,1,3,2,3,3,3,2,3,1,1,2,2,2,5,4,3,2,38,6,3
7404033,3,2,2,2,5,4,4,5,4,4,4,5,1,1,3,2,3,2,2,5,5,5,5,5,2,65,5,3
7404041,,2,2,1,4,1,4,3,3,3,4,5,3,3,3,,,,2,3,1,1,5,,1,60,2,1
7404043,1,2,2,1,1,1,4,2,2,2,1,1,2,2,2,2,2,2,2,2,2,5,4,4,2,26,5,1
7404051,3,2,2,1,3,3,5,3,3,2,3,3,1,1,1,3,3,3,2,,3,4,5,4,1,45,5,1
7404061,1,1,1,2,2,1,4,2,3,3,1,3,2,2,2,4,4,4,2,2,2,3,4,3,2,30,9,3
7404062,3,2,2,1,2,1,3,1,3,2,2,1,1,1,1,2,2,1,2,1,1,1,5,5,1,30,5,3
7404071,4,2,2,1,1,4,5,4,2,1,1,1,5,2,1,5,5,5,2,4,5,5,5,5,2,30,7,3
7404073,1,2,2,1,2,1,3,3,1,1,1,2,1,1,1,3,2,1,2,1,1,3,5,4,1,67,3,3
7404081,2,2,2,1,1,1,1,1,1,1,1,1,1,1,1,1,1,1,2,2,3,2,4,5,2,33,9,2
7404082,3,2,2,2,2,1,4,2,2,3,2,2,2,1,1,4,4,2,2,3,3,4,5,5,1,33,5,3
7404083,2,2,2,1,2,1,4,2,2,1,1,1,1,1,1,3,3,3,2,1,1,5,4,3,2,54,3,3
7404101,2,2,2,1,2,2,3,3,2,3,3,2,3,2,2,2,3,2,2,3,3,5,5,4,1,51,3,2
7404103,,2,2,2,2,1,3,1,,1,1,1,1,1,1,,,,2,1,1,1,4,1,2,71,2,2
7404111,2,2,2,1,2,2,4,2,2,3,2,3,4,1,1,3,3,3,2,2,2,5,5,3,1,40,6,4
7404113,2,2,2,1,2,2,3,4,4,2,3,3,1,3,4,3,3,2,2,3,4,5,5,5,2,31,7,3
7404121,1,2,2,1,2,1,4,1,2,5,1,3,4,4,1,,5,4,2,3,3,3,4,2,1,55,5,3
7404124,,2,2,1,1,1,1,1,1,1,1,1,1,1,1,3,1,1,1,1,1,2,5,4,2,42,4,1
7404131,2,2,2,1,3,1,4,4,3,3,1,3,,,,4,4,3,2,2,4,5,4,3,2,54,7,3
7404132,2,2,2,3,2,1,5,2,1,2,2,2,1,1,1,4,3,3,2,1,2,5,5,3,2,59,5,2
7404133,3,2,2,1,3,2,3,3,2,2,3,3,3,3,1,3,3,3,2,3,3,3,4,3,2,55,5,3
7404142,1,2,2,1,1,1,2,1,1,2,1,1,1,1,1,5,5,5,2,1,1,1,4,5,1,23,5,2
7404151,1,2,2,1,2,2,3,2,2,2,2,3,1,1,1,1,3,2,2,1,1,4,4,4,1,47,4,2
7404152,2,2,1,2,3,3,4,1,1,2,2,3,1,1,1,1,3,3,2,3,2,5,4,3,2,74,4,3
7404153,1,2,2,1,3,3,3,4,1,1,2,2,1,1,1,4,4,3,2,3,2,5,5,4,2,41,9,4
7404161,1,2,2,,1,1,1,1,1,1,1,1,1,1,1,1,1,1,2,1,1,1,4,5,1,66,2,1
7404162,2,2,2,2,1,1,4,1,1,1,1,3,1,1,1,1,3,3,2,1,1,1,4,4,2,67,4,2
7404171,1,2,2,2,2,2,4,3,4,3,3,3,,,,3,3,3,2,3,3,4,5,4,2,54,5,3
7404172,2,2,2,1,3,3,2,3,2,2,2,2,1,1,1,3,3,,2,1,1,2,5,4,2,42,9,3
7404173,1,2,2,2,1,1,4,1,1,3,1,1,2,2,1,5,3,3,2,5,3,5,5,5,1,27,9,4
7404183,3,2,2,2,3,3,4,3,3,3,3,3,2,2,2,3,3,3,1,2,1,5,4,3,2,38,7,3
7404184,2,2,2,1,1,1,3,,1,3,,,,,,4,4,4,2,1,1,1,4,3,2,57,3,1
7404191,3,2,2,1,3,2,4,2,2,2,2,2,1,1,1,1,1,1,2,1,2,4,4,4,1,67,4,1
7404192,,2,2,1,2,1,3,1,2,1,2,3,,,,,3,2,2,1,3,3,5,5,1,45,4,2
7404193,1,2,2,,2,1,4,,,,,,1,1,1,3,3,3,2,1,1,3,4,5,2,20,5,1
7404201,2,2,2,1,1,1,3,3,1,1,1,1,1,1,1,2,2,2,1,1,1,3,4,4,1,23,5,2
7404202,3,2,2,,3,2,4,,3,,1,3,1,1,1,3,3,,2,1,1,2,5,5,2,43,2,2
7404203,2,2,2,1,2,1,3,3,2,3,2,3,1,1,1,3,3,3,2,2,3,4,5,2,2,40,5,3
7404211,2,2,2,1,2,2,4,1,4,1,2,1,4,1,1,,,,2,2,4,5,4,4,2,50,3,2
7404212,2,2,2,1,1,1,1,1,1,1,1,1,1,1,1,1,1,1,2,1,1,1,5,5,2,38,5,3
7404213,,2,2,1,1,1,2,1,1,1,1,2,1,1,1,2,2,2,1,1,1,3,4,3,1,43,5,1
7404221,3,2,2,1,1,1,4,4,1,4,3,1,3,1,1,3,3,3,2,1,3,3,5,4,1,51,5,3
7404222,1,2,2,1,1,1,3,1,3,2,1,2,1,1,1,3,3,3,2,1,5,5,4,5,2,40,9,5
7404223,,2,2,1,,,4,1,2,3,,,,,,3,,,2,1,1,1,4,3,2,70,3,1
7404231,1,2,2,2,1,1,3,4,3,3,3,2,1,1,1,2,2,2,1,1,2,3,4,5,1,28,4,1
7404233,1,2,2,1,1,1,4,1,1,2,1,1,1,1,1,3,3,3,1,1,1,1,4,2,1,29,5,1
7404235,2,2,2,1,2,1,4,2,2,1,1,1,1,1,1,4,4,3,1,1,1,5,4,4,1,42,5,1
7404241,2,2,1,1,1,1,4,1,2,1,1,3,2,2,2,2,2,2,2,1,1,1,4,4,1,48,5,3
7404242,4,2,2,2,3,1,4,3,2,3,1,4,2,2,1,3,3,,2,3,3,5,5,4,2,67,2,1
7404243,,2,2,,2,1,4,3,4,2,2,5,1,1,1,3,5,2,2,1,1,1,4,5,1,62,4,1
7404251,3,2,2,1,3,1,2,3,2,3,3,3,1,1,1,3,,,2,1,3,3,3,5,1,52,5,3
7404252,1,2,2,2,2,2,4,2,1,3,2,2,1,1,1,1,1,2,2,2,2,3,5,5,1,45,5,2
7404253,1,2,3,3,1,1,4,4,3,3,3,3,1,1,1,3,3,3,2,1,1,5,4,4,1,50,3,1
8101011,1,2,2,1,3,1,3,1,2,1,1,2,1,1,1,2,2,3,2,1,5,5,3,4,2,65,9,2
8101012,3,2,2,2,3,1,4,3,3,1,3,4,1,4,1,4,3,3,2,3,2,2,5,5,2,23,8,1
8101013,3,2,1,2,5,5,5,5,5,5,5,5,2,2,4,1,5,5,2,4,4,4,5,5,1,64,10,6
8101014,1,2,2,1,1,1,4,2,4,2,3,3,1,1,1,1,1,1,2,3,3,3,5,5,1,54,10,3
8101015,2,2,1,2,2,1,4,2,2,2,1,2,1,1,1,1,1,4,2,3,4,3,4,4,2,35,9,2
8101017,4,2,1,1,3,2,4,,3,3,3,2,1,1,1,1,2,1,2,2,3,2,5,4,2,55,4,1
8101023,1,2,2,1,1,1,5,3,3,5,1,1,3,3,3,5,5,5,1,1,3,2,5,4,2,54,9,4
8101025,1,2,2,1,2,2,4,2,2,4,3,2,2,2,1,3,3,3,2,1,1,3,4,5,2,57,5,2
8101032,,,,,2,1,4,,1,1,1,2,1,1,1,1,3,1,2,1,1,1,4,3,2,21,3,1
8101035,,1,2,1,1,1,1,1,1,1,1,1,1,1,1,3,2,3,2,1,1,1,4,4,2,47,3,1
8101036,1,1,1,1,1,1,2,2,2,2,2,2,1,1,4,3,2,2,2,1,1,1,5,3,2,67,2,1
8101037,,,,,2,1,4,2,1,5,1,2,1,1,1,1,2,1,2,1,1,1,4,2,1,55,5,1
8101041,1,2,3,1,1,1,2,1,1,1,1,1,2,2,1,1,3,1,2,5,4,5,5,5,1,31,6,3
8101043,3,2,2,1,3,3,5,3,3,2,5,4,1,1,1,1,5,4,1,1,3,1,5,5,1,25,5,1
8101044,2,2,2,1,1,1,4,3,3,3,2,2,1,1,1,3,3,1,2,2,2,2,5,3,2,41,5,1
8101048,1,2,2,1,2,3,2,3,3,1,2,3,1,3,4,4,4,4,2,5,5,5,5,5,2,36,8,2
8101052,1,2,2,1,1,1,3,1,1,1,1,1,1,1,1,1,4,,1,1,4,2,5,5,1,73,8,3
8101053,1,2,2,1,1,1,4,1,1,1,1,1,1,1,1,,,,2,1,1,2,5,3,2,47,5,2
8101054,1,2,2,1,1,1,1,1,1,1,1,1,1,1,1,3,3,,2,1,1,1,4,1,1,37,3,1
8101055,2,2,2,1,1,1,4,4,1,2,1,4,1,1,1,,3,1,2,2,3,3,4,5,2,60,4,1
8101057,3,2,3,1,2,1,5,4,3,4,2,1,3,1,1,1,3,1,2,1,2,1,4,5,1,66,5,1
8101061,4,2,2,1,3,2,4,2,3,2,3,3,1,1,1,4,4,,2,3,3,3,4,4,1,29,10,2
8101062,,2,3,1,2,1,3,1,1,3,3,3,1,1,1,,,,2,1,2,2,4,5,2,50,3,1
8101063,1,2,2,1,1,1,3,3,1,4,1,1,1,1,1,1,3,1,2,1,2,2,4,5,1,75,7,1
8101064,2,2,2,1,3,2,4,2,2,2,1,2,1,1,1,4,4,4,2,3,2,3,5,5,2,43,5,3
8101065,2,2,2,1,3,1,4,4,3,3,2,3,4,1,1,1,1,1,2,2,3,1,3,4,2,61,4,1
8101066,2,2,2,1,1,1,2,1,1,3,1,2,1,1,1,1,1,1,1,1,2,3,4,2,2,60,5,1
8101067,1,2,1,1,1,1,3,3,1,1,1,1,1,1,1,1,3,3,2,1,2,3,5,3,1,48,5,2
8101068,1,2,2,1,2,1,4,1,1,1,1,1,1,1,1,3,1,1,1,1,1,2,5,5,2,57,9,1
8101071,1,1,2,1,1,1,2,1,1,2,1,1,1,1,1,3,3,3,1,1,3,3,4,4,2,42,5,3
8101072,3,2,2,1,4,1,3,,3,,3,3,1,1,1,1,1,1,2,2,2,2,3,4,2,53,4,1
8101073,,,,,3,1,4,1,2,3,2,3,,,,,5,1,2,1,1,1,4,2,2,75,1,1
8101075,,,,3,1,1,3,,2,,1,1,,,,1,3,1,1,1,1,1,4,2,2,70,2,1
8101077,,2,2,1,,,4,,3,,,2,1,1,1,1,1,2,2,1,1,2,4,3,2,88,1,
8101078,3,2,2,3,3,1,3,2,3,3,1,3,1,3,3,3,4,2,2,4,5,4,4,5,2,43,4,1
8101079,2,2,2,1,3,1,4,,1,,,5,1,1,1,1,1,1,2,2,2,2,4,5,2,69,2,1
8101082,,,,,1,1,3,,1,3,2,1,1,1,1,1,1,1,2,3,1,1,2,2,2,56,7,2
8101084,1,1,2,1,1,1,4,4,2,2,1,1,2,2,2,3,3,3,2,1,1,1,3,4,2,42,7,1
8101091,2,2,2,1,3,3,4,3,3,2,3,2,1,1,1,1,1,1,2,1,1,1,4,4,2,62,2,3
8101092,1,2,2,1,2,1,2,4,2,2,2,1,1,1,1,1,4,3,2,2,5,5,4,4,2,21,8,4
8101093,5,2,2,1,3,1,4,4,4,4,1,3,1,1,1,1,1,1,2,1,1,3,4,4,1,63,3,3
8101094,3,2,2,1,4,1,4,3,3,4,3,2,1,1,1,1,1,1,2,1,1,3,4,4,1,65,9,3
8101095,1,2,2,1,1,1,4,5,1,1,1,1,1,1,1,1,4,1,2,4,5,5,4,4,1,24,5,3
8101096,4,2,1,1,4,3,4,1,,4,1,4,,1,1,,,,2,3,4,3,4,5,2,58,5,1
8101097,1,2,2,1,1,1,2,3,1,1,1,1,1,1,1,1,1,1,1,1,1,2,5,4,2,24,7,1
8101098,2,2,2,1,1,1,2,1,1,2,2,1,1,1,1,4,1,1,2,3,3,4,4,4,2,36,5,1
8101101,2,2,2,1,3,2,3,3,3,1,,3,1,5,5,3,5,3,2,3,4,5,5,3,2,45,5,2
8101102,1,2,2,1,1,2,3,3,2,3,1,1,1,1,1,3,3,2,2,4,5,3,4,5,1,29,5,2
8101103,1,2,2,1,1,1,4,3,1,2,1,1,1,1,1,3,2,2,1,1,1,1,5,5,1,49,9,3
8101104,1,2,2,1,1,1,3,3,2,1,2,1,1,1,1,2,2,2,1,1,1,4,5,5,2,34,5,2
8101107,1,2,2,1,1,1,1,,1,1,1,1,1,1,1,4,1,1,1,1,2,1,4,4,2,42,7,1
8101108,3,2,2,1,4,1,4,,4,4,4,4,,,,,,,2,1,2,3,5,5,1,69,4,1
8101109,2,2,2,1,1,1,2,2,1,2,1,2,1,1,1,1,1,1,2,2,1,1,3,3,1,37,5,1
8101111,3,3,2,1,3,1,5,1,4,3,2,4,2,2,2,,4,,2,3,3,3,5,5,2,42,8,3
8101112,1,2,2,1,1,1,2,,1,1,1,3,1,1,1,2,1,,2,1,1,1,4,5,2,73,2,1
8101113,4,1,2,,4,1,4,4,1,1,1,5,1,2,3,5,3,,2,5,5,5,5,4,2,73,4,4
8101114,1,2,2,1,3,1,3,3,,3,3,3,1,2,2,3,2,1,2,1,2,2,4,4,1,70,4,2
8101115,1,2,2,1,1,1,4,2,1,4,2,3,1,1,1,1,4,1,1,1,1,3,5,5,1,42,7,2
8101116,2,2,2,1,4,1,4,4,4,1,1,3,1,1,1,1,3,1,2,1,1,3,4,5,1,70,3,1
8101117,,,,1,2,1,2,,2,,3,3,1,1,1,1,3,1,2,3,3,1,5,5,2,71,2,1
8101118,1,2,2,1,2,1,2,1,2,2,,,1,1,1,4,3,,2,1,2,3,5,4,2,45,8,1
8101125,1,2,1,2,1,1,3,1,3,1,1,1,1,1,1,1,1,2,2,4,3,3,5,4,1,24,7,3
8101127,5,2,2,1,5,3,5,4,5,4,3,4,1,2,2,4,4,,2,4,5,3,5,5,2,44,9,4
8101128,2,2,2,1,2,2,4,4,4,4,2,2,1,1,1,1,1,1,1,2,3,3,5,3,2,36,5,1
8101143,,2,2,1,1,1,4,1,1,1,1,1,1,1,1,5,1,1,1,1,1,1,5,5,2,24,7,2
8101144,1,2,2,3,2,2,3,4,2,3,2,1,1,1,1,4,4,,1,4,4,4,5,5,2,20,8,2
8101145,2,2,2,1,2,1,2,2,4,2,2,2,1,1,1,2,4,4,1,4,4,4,5,5,1,34,10,2
8101162,1,2,2,1,1,1,4,1,1,1,1,1,1,1,1,1,1,1,2,1,1,1,2,3,1,57,3,1
8101163,2,2,2,1,3,3,5,3,3,3,3,3,1,1,1,4,1,1,1,1,3,1,5,5,2,31,8,1
8101164,1,2,2,1,2,1,2,1,1,2,1,2,1,1,1,4,5,1,1,1,3,5,5,5,2,30,5,1
8101165,,,,,1,1,3,,1,1,1,1,1,1,2,,,,2,1,1,1,4,4,1,32,6,1
8101168,1,2,2,1,1,1,4,,1,1,1,1,1,1,1,1,1,,2,1,3,2,5,1,1,57,3,1
8101171,2,2,2,1,2,3,4,,3,4,2,3,2,1,1,2,1,1,1,2,3,3,5,5,2,24,6,2
8101172,1,2,2,1,1,1,3,1,1,3,1,1,1,1,1,1,2,4,2,1,5,5,4,3,1,53,6,2
8101175,1,2,2,1,1,1,4,1,1,1,1,1,1,1,1,1,2,2,2,1,3,5,2,4,2,60,5,1
8101181,1,2,1,1,1,1,2,4,2,2,1,2,1,1,1,2,1,2,2,2,4,3,4,4,1,24,9,1
8101183,3,2,2,1,3,2,3,3,4,3,3,3,1,1,1,3,3,1,1,4,1,3,5,5,2,20,8,1
8101184,3,3,3,3,2,2,4,4,2,4,3,3,1,1,1,4,4,4,1,4,4,3,5,5,1,21,8,1
8101187,1,2,2,1,2,1,4,1,4,2,2,1,1,1,1,1,1,1,2,2,3,1,3,5,2,75,9,3
8101188,1,2,2,1,1,1,3,4,1,2,1,1,2,1,1,1,1,1,2,4,3,3,4,4,2,56,7,2
8101211,5,,3,3,1,1,4,,1,1,1,3,1,1,1,2,3,1,1,1,1,1,4,2,2,36,5,1
8101212,4,2,2,2,2,2,2,4,2,1,1,1,2,2,3,3,2,2,2,2,2,2,4,5,1,46,5,2
8101213,1,1,1,1,3,3,3,2,3,3,3,3,1,1,1,3,2,3,2,3,1,1,4,3,2,26,4,1
8101214,1,1,1,1,1,1,3,1,1,1,2,2,1,1,1,3,2,2,2,1,1,1,4,3,2,46,5,2
8101215,1,2,2,2,1,2,1,3,1,2,1,1,1,1,4,3,5,4,2,1,1,1,4,3,2,53,4,2
8101216,2,2,2,2,1,1,1,1,1,1,2,1,1,1,1,1,1,1,1,1,1,1,1,2,2,24,5,2
8101221,2,2,2,1,2,3,3,3,3,2,1,1,1,1,1,1,1,1,2,2,1,1,5,5,1,80,3,4
8101222,1,2,2,1,2,1,4,3,2,1,1,2,1,1,1,3,1,1,1,1,3,3,4,5,1,29,5,1
8101223,1,2,2,1,1,1,4,1,1,1,1,1,1,1,1,3,1,,2,1,1,1,4,4,1,55,1,1
8101224,3,2,2,2,1,1,3,2,1,1,1,1,1,1,1,1,1,,2,1,1,1,4,4,1,60,5,1
8101225,1,2,2,1,1,1,1,1,1,1,1,1,1,1,1,1,,,1,1,1,1,5,5,1,20,4,
8101228,3,2,2,1,3,2,3,2,1,1,1,3,1,1,1,4,1,1,1,1,1,2,5,4,2,40,5,1
8101232,2,2,2,1,1,1,1,1,1,1,1,1,1,1,1,3,1,2,2,1,1,1,4,5,1,31,5,1
8101235,3,2,2,1,2,2,3,1,1,2,2,1,1,1,1,1,1,1,2,1,4,3,5,4,2,58,9,1
8101243,1,2,2,1,2,1,2,1,3,3,2,2,1,1,1,5,5,4,2,4,5,5,4,4,1,34,9,3
8101244,2,2,2,1,2,1,4,1,2,3,1,1,1,1,1,1,1,1,2,1,2,2,3,5,1,55,5,1
8101245,1,2,2,1,1,1,3,2,1,1,1,1,1,1,1,1,5,4,2,1,3,5,4,4,1,31,7,3
8101246,1,2,2,1,1,1,4,1,3,1,1,1,1,1,1,1,3,1,2,2,4,2,4,5,2,68,5,1
8101247,1,2,2,1,1,1,3,2,1,1,1,1,1,1,1,1,1,4,2,1,3,2,5,2,2,65,7,2
8101251,1,3,2,1,1,3,3,4,1,1,1,3,1,1,2,4,4,4,2,4,5,5,4,3,2,34,9,4
8101253,1,2,2,1,1,2,5,3,4,2,2,1,1,1,1,1,4,3,2,4,5,5,4,4,2,23,8,3
8101255,2,2,2,1,3,3,2,2,1,1,2,4,1,1,1,1,4,4,2,4,5,5,4,1,2,42,7,3
8102011,1,1,1,1,3,1,3,3,3,3,3,3,1,1,1,,2,3,2,1,1,1,1,2,2,66,2,1
8102012,2,2,2,1,3,3,4,4,3,2,2,2,3,3,3,4,3,3,2,2,3,3,5,5,2,34,7,2
8102013,1,1,1,1,1,1,1,2,1,1,2,1,1,1,1,3,4,3,2,1,1,1,4,4,2,55,3,1
8102016,1,,,,3,1,3,,1,3,1,1,1,1,1,1,1,1,2,,1,1,4,3,2,49,3,1
8102021,3,2,2,2,1,1,3,,3,3,1,2,1,1,1,3,1,1,2,2,1,1,4,4,2,45,2,1
8102022,1,1,2,2,1,1,3,1,1,1,1,1,1,1,1,3,,,2,1,1,1,5,2,1,42,5,2
8102023,,,2,2,1,1,1,,1,1,2,1,1,1,1,2,2,,2,1,1,1,4,4,2,40,2,1
8102024,,,,,2,3,5,,1,1,1,1,,,,2,2,2,2,,1,1,4,3,2,38,6,2
8102025,2,2,1,1,1,1,1,,1,1,1,3,1,1,1,1,3,2,2,1,1,1,4,2,1,35,3,1
8102032,,2,,2,1,1,4,3,1,1,1,2,,,2,2,3,2,2,1,1,1,5,4,2,69,2,2
8102034,1,1,2,1,1,1,4,1,1,3,1,1,1,1,1,2,2,3,2,1,2,2,4,5,1,63,4,2
8102035,1,3,2,2,3,1,4,3,1,3,3,3,1,1,1,1,3,3,2,1,1,1,4,3,2,48,3,2
8102036,4,2,2,2,2,1,4,,2,,1,3,1,1,1,1,3,4,2,1,1,1,4,3,2,59,2,2
8102043,3,2,2,2,1,1,1,1,1,2,2,1,1,1,1,1,1,3,2,1,1,1,4,4,2,56,5,1
8102045,1,1,1,1,1,1,1,1,1,1,1,1,1,1,1,1,,,2,1,1,1,4,3,2,63,5,2
8102052,1,1,1,2,1,1,4,1,2,2,1,1,1,1,1,4,4,4,1,1,1,4,5,5,2,35,7,2
8102054,2,1,1,1,3,2,3,4,3,3,2,1,1,2,4,3,5,3,1,3,3,3,5,3,1,27,7,3
8102055,2,2,2,1,2,2,3,3,3,3,3,3,1,2,3,3,4,3,1,3,3,3,5,4,1,28,4,2
8102061,1,1,1,,2,1,2,2,1,1,1,1,,,,,,,1,1,2,2,3,3,1,73,2,
8102063,2,1,1,1,1,1,3,1,1,2,1,1,,,,,,,2,1,1,1,4,4,1,69,4,
8102065,1,2,2,1,1,1,2,4,2,1,2,1,1,2,1,4,4,4,1,4,3,4,5,2,2,40,8,3
8102066,,2,2,2,1,2,3,1,1,1,1,1,1,1,1,1,1,1,2,1,1,1,4,5,2,67,5,1
8102072,1,1,2,2,3,1,3,1,2,2,2,3,1,1,1,1,1,1,2,3,2,2,4,3,1,56,5,1
8102073,1,,2,2,1,1,4,,1,3,3,1,1,1,1,2,3,3,2,1,1,1,3,4,2,20,5,1
8102074,1,2,2,2,2,2,3,3,1,1,1,1,1,1,1,,3,,2,1,1,1,4,2,2,42,5,2
8102075,1,3,2,2,1,1,3,2,1,2,2,1,1,3,1,2,,,2,1,1,1,4,3,2,60,4,1
8102081,,,,,1,1,1,1,1,1,1,1,1,1,1,1,1,1,2,,1,1,4,5,2,51,5,1
8102082,5,,,,2,2,4,,2,2,1,1,1,1,1,1,3,2,2,1,1,1,4,3,1,58,5,1
8102084,,,,,4,1,2,,1,4,,4,,,,,,,2,,1,1,3,5,2,71,4,1
8102085,3,2,2,2,3,1,4,4,3,4,3,3,3,3,3,3,3,,2,3,4,4,5,3,2,50,4,2
8102086,1,,,,2,1,3,5,2,3,3,2,1,2,2,2,2,1,2,1,1,1,4,3,2,63,2,2
8102092,3,2,1,2,1,1,1,1,1,1,1,1,,,,,,,1,1,1,1,4,3,2,27,5,
8102093,,3,1,1,2,1,4,3,1,2,1,2,,4,,,,,1,1,1,1,5,4,2,28,5,1
8102101,2,2,2,1,2,1,3,1,2,3,2,3,2,3,1,2,2,3,2,1,2,4,5,4,1,43,5,2
8102102,2,2,2,1,2,2,2,1,3,3,2,3,2,2,2,2,1,2,2,3,4,4,5,3,2,36,5,2
8102104,2,2,2,1,1,1,4,2,3,2,1,2,1,1,1,5,3,,2,2,5,3,5,5,2,30,9,3
8102111,1,2,1,2,2,1,5,3,2,2,2,4,1,1,1,3,3,3,2,2,3,3,5,4,1,45,7,1
8102115,2,2,1,1,3,3,4,4,3,3,3,3,1,1,1,4,4,4,1,3,3,3,3,3,1,29,7,1
8103011,3,2,2,1,3,2,4,2,3,3,3,4,2,2,2,4,4,,1,3,4,4,5,4,1,45,9,3
8103014,5,1,2,1,2,2,4,4,4,4,3,3,3,3,3,5,5,4,2,4,4,4,5,4,2,40,9,3
8103032,2,1,2,1,1,1,4,2,2,2,2,2,1,1,1,1,3,2,2,1,1,1,4,4,1,62,4,1
8103033,2,2,1,1,3,3,4,3,3,1,2,3,,,,3,4,3,2,2,3,2,4,3,2,72,2,3
8103034,3,2,2,1,1,1,3,3,2,2,2,1,,,,3,3,3,1,3,2,2,5,5,2,24,8,4
8103035,2,1,2,1,2,2,4,3,1,3,3,3,1,1,1,3,1,1,1,2,2,3,5,4,2,28,9,1
8103036,,,2,1,2,,4,,3,3,2,2,,,,1,3,,2,3,2,3,4,3,2,63,4,1
8103038,1,3,,,1,1,3,,1,2,2,1,1,1,1,1,2,2,2,1,1,1,4,4,2,66,3,2
8103043,1,2,2,1,2,1,1,1,1,,1,1,1,1,1,1,1,1,2,1,1,3,4,4,1,51,3,1
8103045,3,2,1,2,3,1,3,4,1,3,3,4,1,2,1,2,4,1,2,1,3,4,5,5,1,64,4,2
8103052,3,2,2,1,1,1,5,1,1,1,1,1,1,1,1,5,5,5,2,1,1,1,5,5,2,58,5,2
8103053,1,2,2,1,1,1,4,3,1,1,1,1,1,1,1,4,3,3,2,1,1,1,5,5,2,29,9,1
8103054,2,2,2,2,1,1,2,1,1,1,1,1,1,1,1,2,1,1,1,1,1,1,5,5,2,32,9,2
8103055,2,3,3,,2,1,4,2,2,2,2,1,2,2,2,4,5,,2,3,4,5,5,5,2,35,7,2
8103058,1,3,2,1,1,1,4,4,1,1,1,1,1,1,1,1,4,1,2,1,1,1,5,5,1,40,7,2
8103071,2,2,2,2,2,1,1,1,1,2,1,1,1,1,1,1,1,1,1,,1,1,2,5,2,18,4,
8103072,1,2,2,2,1,1,2,,1,2,1,1,1,1,1,2,1,1,2,3,4,4,5,2,2,50,4,3
8103074,1,2,2,1,1,1,1,2,1,1,2,2,3,2,2,1,5,1,1,1,4,5,4,5,1,47,5,2
8103075,1,2,2,1,1,1,2,2,2,1,3,2,1,1,1,1,1,1,2,1,1,4,5,3,2,65,4,
8103076,2,2,2,1,3,1,4,2,2,3,2,3,2,4,1,1,3,2,2,2,1,1,5,5,2,67,3,1
8103078,1,2,2,1,2,2,2,2,1,1,1,2,1,1,1,2,4,3,2,5,5,5,5,2,2,55,5,4
8103081,2,1,1,1,2,2,4,3,2,1,1,3,1,1,1,1,2,1,1,2,1,1,4,3,1,74,2,1
8103083,1,2,2,1,1,1,4,4,1,1,1,1,1,1,1,1,2,1,1,2,4,4,5,5,1,51,7,1
8103084,1,2,3,1,1,1,3,3,1,2,1,1,1,1,1,1,5,1,2,1,3,4,5,3,1,38,8,2
8103085,1,2,2,2,1,1,2,1,1,1,1,1,1,1,1,3,3,1,2,,1,3,4,5,2,69,3,
8103086,1,2,2,1,3,,2,3,3,2,1,1,,,,3,3,3,2,1,2,3,5,4,1,52,3,1
8103088,3,2,2,1,2,3,4,1,1,1,1,1,1,2,1,1,1,1,2,1,1,1,4,4,1,75,6,1
8103091,1,2,2,1,2,1,2,4,1,1,1,1,1,1,1,1,3,1,1,1,1,1,5,5,2,33,5,1
8103092,,,,3,3,3,3,,3,1,1,3,1,1,1,1,2,2,2,,3,2,4,3,2,53,5,1
8103093,1,2,2,1,1,1,4,1,1,1,1,1,1,1,1,5,5,3,2,1,1,1,5,5,1,48,5,1
8103094,1,2,1,1,1,1,4,1,1,1,1,1,1,1,1,4,4,4,2,4,3,3,1,5,2,56,5,1
8103095,1,2,2,1,1,1,3,1,1,1,1,1,1,1,1,1,4,3,2,1,1,1,5,5,1,32,5,2
8103096,1,1,2,1,2,1,5,4,1,2,1,1,1,1,1,4,4,4,2,1,1,1,5,5,2,27,7,2
8103097,1,1,2,1,1,1,3,1,1,1,1,1,1,1,1,2,2,2,1,1,1,1,5,5,2,22,7,1
8103098,3,2,2,2,2,2,4,2,1,3,1,2,1,1,1,1,3,3,2,1,3,3,5,5,1,55,5,1
8105011,,,3,,2,1,3,,4,2,1,2,1,1,1,3,1,1,2,1,1,1,4,2,1,62,5,1
8105013,2,2,2,2,1,1,3,,1,3,1,1,1,1,1,1,2,2,2,2,1,1,4,4,2,32,5,1
8105015,3,2,3,2,2,1,3,,3,1,1,1,1,1,1,1,1,1,2,2,1,1,4,3,1,64,2,1
8105024,,,,,1,1,3,,1,1,1,3,1,1,1,2,1,1,2,1,1,1,4,4,2,56,2,1
8105025,3,2,2,2,1,1,3,1,1,1,3,1,,,,1,1,1,2,1,1,1,4,4,2,75,1,1
8106012,3,2,1,2,3,2,4,3,3,3,4,4,3,4,3,3,4,3,1,3,3,2,5,4,1,24,5,2
8106013,2,2,2,1,1,2,3,2,3,3,3,3,1,1,3,1,2,2,2,2,3,3,2,2,1,27,7,2
8106014,2,1,2,1,2,1,4,2,3,2,1,3,1,1,1,4,3,3,2,2,3,5,4,4,1,26,9,3
8106015,2,2,2,1,2,1,2,1,1,2,2,2,1,1,1,1,4,3,2,3,3,5,5,5,2,56,5,3
8106021,1,1,3,2,1,1,1,1,1,1,1,1,1,1,1,1,1,1,2,1,1,1,4,1,1,42,5,1
8106023,3,2,2,1,1,1,1,1,1,1,1,1,2,2,2,2,2,3,2,1,1,1,4,3,1,41,5,1
8106024,1,2,2,1,1,1,2,2,2,2,1,1,1,1,1,3,3,2,1,2,1,1,5,3,2,47,5,1
8106025,1,2,2,1,1,1,3,1,4,4,1,1,1,1,1,1,1,1,2,1,1,4,4,4,2,59,2,1
8106031,5,2,2,1,4,1,5,4,2,2,4,4,1,1,5,3,3,3,2,4,5,5,4,4,2,74,2,1
8106032,1,2,2,1,2,2,4,1,3,3,1,2,1,1,1,1,1,,2,1,1,1,5,5,2,67,2,1
8106033,1,2,2,1,1,1,1,1,1,1,1,1,1,1,1,1,1,1,1,1,2,3,4,4,1,38,5,1
8106034,3,2,2,1,2,2,3,1,3,3,3,4,2,2,2,1,2,2,2,1,1,5,5,3,2,51,3,1
8106036,1,2,2,1,1,1,2,1,1,1,1,1,1,1,1,2,2,1,2,1,1,2,3,5,1,63,5,1
8106041,1,2,2,1,2,2,4,4,1,2,1,1,1,3,3,2,2,2,1,3,3,3,3,5,2,29,8,3
8106042,1,2,2,1,1,2,2,3,2,3,1,1,3,2,1,3,3,2,2,5,5,5,5,5,1,36,7,1
8106043,2,2,2,1,1,1,2,1,1,1,1,1,,,,,,,2,1,1,2,4,5,1,75,2,3
8106045,1,2,2,1,2,2,4,2,2,4,2,2,3,2,2,2,3,3,2,1,2,2,4,1,1,65,5,2
8106051,2,2,2,2,2,1,5,2,1,2,1,2,3,3,2,5,5,5,2,3,3,3,3,3,2,54,5,2
8106052,1,2,2,1,2,2,2,2,2,2,2,2,2,2,2,2,1,1,2,2,1,1,4,4,2,74,2,1
8106053,2,2,1,1,2,2,5,1,2,1,2,2,1,3,3,3,3,3,2,1,1,1,5,5,2,59,3,1
8106054,1,2,2,1,2,1,3,2,5,3,2,3,3,2,1,3,3,3,1,2,2,3,5,4,1,25,5,3
8106055,4,1,2,2,4,2,4,3,3,3,2,3,3,3,3,4,4,3,2,2,2,4,4,2,2,32,7,3
8106061,1,1,3,2,1,1,3,1,1,1,1,1,1,1,1,1,1,1,2,1,1,1,4,3,2,50,1,1
8106063,1,2,2,2,2,1,4,1,3,2,1,1,1,1,1,3,4,3,2,1,1,3,4,4,2,39,7,2
8106065,3,2,2,2,3,2,4,2,4,2,2,3,3,3,2,1,4,3,2,4,3,3,5,5,2,27,5,1
8107014,2,2,2,2,1,1,2,4,1,1,1,3,1,1,1,1,4,2,2,4,5,5,5,5,2,40,9,3
8107021,3,2,3,1,2,2,4,3,3,3,2,2,2,2,2,3,3,3,1,2,2,3,5,5,2,28,7,1
8107024,3,1,2,1,1,1,3,2,2,2,2,3,1,2,3,5,5,,1,1,2,2,4,4,1,43,4,2
8107025,3,2,1,1,2,1,3,4,2,3,3,3,2,2,2,1,,1,2,1,1,1,5,5,2,72,2,1
8107031,1,2,2,1,1,1,1,2,1,2,1,1,2,3,1,3,3,3,2,1,1,1,5,5,2,56,5,3
8107032,1,2,3,3,1,1,2,3,1,3,1,1,2,2,1,1,2,2,2,3,3,4,4,3,2,75,4,1
8107034,,2,2,1,3,1,5,1,1,1,1,3,1,1,1,3,3,1,2,1,1,3,5,5,2,57,2,1
8107035,3,2,2,1,3,3,4,2,2,2,3,3,3,3,3,5,5,5,2,3,3,3,5,2,1,49,7,3
8107041,1,2,2,1,1,1,3,1,3,4,1,3,1,1,1,1,1,1,2,1,5,5,4,4,1,51,2,2
8107042,1,2,2,1,1,1,2,1,1,2,1,1,1,1,1,1,3,4,2,1,5,3,4,4,1,25,8,3
8107044,1,2,2,1,2,1,4,1,5,3,3,2,1,1,1,1,5,2,2,1,1,1,4,4,2,75,1,2
8107045,4,2,2,1,2,1,1,1,2,1,1,1,1,1,1,1,1,1,2,1,1,5,4,3,1,52,2,2
8108012,3,2,2,3,4,1,3,4,3,3,4,4,1,1,1,2,4,3,2,1,1,5,4,4,2,38,4,1
8108013,3,2,2,1,2,1,2,3,2,3,3,3,1,1,1,1,1,3,1,2,1,3,5,5,2,66,1,1
8108015,3,2,2,1,2,1,2,,,,3,4,,,,1,3,,2,1,1,1,5,1,2,53,2,1
8108016,1,2,2,1,1,1,1,3,4,1,1,5,1,5,5,1,1,1,2,1,1,3,5,3,1,66,4,1
8108022,,2,2,1,1,1,3,1,1,1,1,1,1,1,3,,,,1,1,1,2,4,3,1,32,5,1
8108023,2,2,2,1,1,1,3,1,1,1,1,1,1,1,1,4,,,2,1,3,3,5,5,2,30,5,2
8108025,2,2,2,1,1,1,1,1,1,1,1,1,1,1,1,1,1,1,2,1,1,1,4,4,1,74,3,1
8108026,4,2,2,1,3,,3,,,3,,5,1,1,1,1,1,1,2,3,2,2,5,5,2,65,5,1
8108031,2,2,2,1,2,1,3,2,2,2,2,3,3,2,1,2,2,2,2,2,2,3,4,5,2,36,4,2
8108033,,2,,1,3,2,3,4,3,1,,,,,,,,3,2,1,1,1,5,5,2,58,2,2
8108034,2,2,2,1,2,1,2,2,1,2,2,3,,,,3,4,3,2,2,1,1,4,2,2,43,3,3
8108035,3,2,2,1,1,1,1,2,1,1,1,2,1,2,1,5,5,2,2,5,5,5,4,4,2,55,2,1
8108041,,,,,3,1,1,1,1,1,1,3,1,1,1,1,1,1,1,,1,1,4,3,2,38,5,1
8108043,1,3,3,3,1,2,3,,1,2,2,1,1,1,1,1,1,2,2,1,1,1,4,4,2,42,3,1
8108045,,,,,2,2,2,1,1,1,1,2,1,1,1,1,2,1,1,1,1,1,4,3,2,36,5,1
8108051,1,2,2,1,1,1,3,1,1,1,1,1,1,1,1,1,1,1,2,3,3,3,4,4,1,41,4,1
8108052,3,2,1,1,1,1,3,1,1,1,1,1,1,1,1,3,1,1,1,2,2,1,4,4,2,55,5,1
8108053,2,2,2,1,2,2,4,3,4,4,3,3,,,,,4,,2,2,3,3,4,4,2,53,3,1
8108054,3,2,1,1,2,1,4,2,2,1,1,1,,,,1,3,1,1,3,2,3,4,4,1,40,9,1
8108055,,2,1,3,2,1,2,1,4,1,4,,1,1,1,1,1,1,1,1,1,1,4,4,2,46,2,1
8108056,1,2,2,1,2,1,3,2,3,4,2,1,,,,3,3,,1,3,2,3,3,4,2,37,9,2
8108058,,2,1,1,1,1,3,1,1,1,1,1,1,1,1,1,1,1,2,1,2,1,4,4,2,65,2,1
8108062,1,2,1,2,2,1,3,1,3,2,1,3,,,,2,3,3,1,1,1,1,4,3,2,34,5,2
8108064,,2,2,,1,1,3,1,2,2,1,1,1,1,1,2,3,1,2,1,1,1,4,4,2,55,2,1
8108065,2,2,2,1,2,1,2,1,2,2,1,2,3,2,1,1,3,2,2,3,3,4,5,5,1,30,5,2
8108066,3,2,2,1,1,1,3,1,3,4,1,1,3,3,1,3,3,2,2,3,3,4,5,5,1,29,8,2
8108071,3,2,2,1,1,1,4,3,1,1,1,1,1,1,1,1,1,1,2,1,3,1,5,4,2,50,5,1
8108072,3,2,2,2,3,2,4,1,3,3,3,4,3,3,2,2,2,2,2,1,1,1,5,4,1,73,4,2
8108073,2,2,1,1,5,2,5,5,5,5,5,5,2,2,2,5,2,3,2,4,3,3,4,5,2,55,2,3
8108074,2,2,2,2,4,2,3,2,3,1,2,3,,,,2,1,3,2,3,1,1,5,4,2,55,4,1
8108075,1,2,2,1,2,1,5,4,1,2,1,1,1,1,1,1,2,1,2,2,3,3,5,5,2,40,7,3
8108077,,2,2,1,2,1,4,2,1,2,1,1,1,1,1,2,4,2,2,1,1,3,5,5,1,46,5,1
8108081,1,2,2,2,1,3,5,1,1,5,1,1,3,2,1,5,1,5,2,2,3,4,5,5,1,40,9,3
8108082,4,1,2,1,4,1,4,4,3,2,3,4,1,3,3,3,3,3,2,1,3,4,5,4,1,48,9,1
8108084,3,1,2,2,2,3,3,3,3,3,3,3,3,3,3,3,3,3,2,4,3,3,4,5,1,40,8,
8108087,2,1,2,2,2,2,4,2,3,4,2,2,2,2,1,4,4,4,2,3,2,4,4,5,1,53,9,4
8108094,1,2,2,1,2,1,3,2,2,3,1,2,3,3,3,3,3,3,2,2,2,3,5,5,1,50,5,3
8108095,2,1,1,2,3,2,4,3,2,3,3,3,2,2,2,4,4,4,2,1,2,1,4,5,2,48,7,6
8108096,1,2,2,1,2,1,5,1,2,2,2,5,1,1,1,2,3,3,2,4,3,5,5,5,1,63,5,2
8108097,3,2,2,1,3,2,4,1,3,4,2,2,3,3,1,4,4,4,2,3,2,4,4,5,1,50,10,2
8108101,3,2,2,1,3,2,2,4,2,3,2,3,1,2,2,4,4,4,2,2,3,5,5,5,1,30,9,1
8108103,4,1,2,2,4,4,4,4,5,4,3,3,3,3,3,3,5,3,2,5,5,5,4,4,1,41,9,3
8108121,2,2,1,2,2,1,4,3,3,3,2,3,1,3,1,4,4,4,2,3,5,5,5,4,1,40,9,3
8108122,5,2,2,1,1,1,4,2,1,3,1,1,1,1,1,2,2,2,2,3,4,3,4,4,1,36,5,2
8108124,2,2,1,2,3,1,3,3,3,3,2,3,1,2,2,3,3,3,2,3,2,3,5,5,1,50,9,3
8108126,1,2,2,1,1,2,5,4,3,3,2,1,3,2,1,5,3,2,2,3,5,5,5,4,2,33,9,3
8108127,3,1,2,2,2,1,4,3,2,4,1,1,1,1,1,5,5,5,1,1,3,3,5,5,2,40,8,3
8108131,1,2,2,1,1,1,3,1,1,1,1,1,1,1,1,1,1,1,2,1,1,1,5,4,2,48,3,1
8108132,2,2,2,1,2,1,4,3,3,2,1,3,2,2,3,3,4,4,2,4,5,4,3,4,1,36,10,5
8108133,,2,1,,1,1,1,1,1,1,1,1,1,1,1,1,1,1,1,1,1,3,,,2,56,1,1
8108135,2,1,2,1,2,1,3,2,2,3,2,1,1,1,1,3,4,3,1,1,1,2,5,4,1,30,7,1
8108141,1,2,2,1,2,2,3,3,3,2,2,3,2,3,3,3,3,3,2,1,2,3,5,4,1,51,9,2
8108142,2,2,2,2,3,2,3,2,4,3,2,1,2,2,3,2,3,2,1,1,2,1,4,3,1,45,9,3
8108143,1,2,2,1,2,1,3,3,3,2,1,1,1,1,1,5,5,5,2,5,4,4,5,4,2,49,5,5
8108144,1,2,2,1,1,1,2,1,1,1,1,1,1,1,1,3,5,1,2,1,1,2,4,4,2,65,2,1
8108145,3,2,2,2,2,2,4,4,2,2,2,2,3,3,2,4,3,3,1,3,3,3,4,4,1,36,9,1
8108147,3,3,2,1,2,1,3,2,2,3,1,3,2,3,2,3,3,3,1,1,3,3,5,3,1,39,7,2
8110011,1,2,2,1,1,1,4,1,1,2,1,1,3,1,1,4,3,4,2,3,4,5,5,2,2,72,9,6
8110012,1,2,2,1,1,1,3,1,1,1,1,3,1,1,1,4,4,,2,1,3,3,3,3,2,49,5,2
8110014,3,2,3,1,3,1,4,4,1,2,1,3,1,1,1,4,3,3,2,2,3,3,5,4,2,56,7,3
8110015,2,2,2,2,2,2,1,2,2,2,1,2,1,1,1,1,1,1,2,2,3,4,3,5,1,26,5,3
8110021,1,2,2,1,1,1,4,2,2,3,1,1,1,1,1,4,4,4,2,1,3,3,4,4,1,35,8,1
8110022,1,2,2,1,1,1,5,3,1,2,1,1,1,1,1,5,5,5,2,1,1,2,5,5,1,65,5,1
8110023,2,2,2,1,2,1,4,1,2,2,3,3,1,1,1,4,4,4,2,1,1,1,4,5,1,27,7,1
8110024,1,2,2,1,1,1,3,1,3,4,2,1,1,1,1,4,5,3,2,1,3,3,4,4,2,68,3,1
8110025,1,2,2,1,2,1,3,3,3,3,3,3,3,1,1,3,3,3,2,2,4,4,5,5,1,54,7,1
8110031,4,2,3,1,2,1,3,1,3,3,3,3,2,2,2,2,,,2,1,1,3,4,5,2,63,5,1
8110032,3,2,1,2,4,3,4,2,2,3,3,4,3,3,3,3,3,2,2,2,1,1,2,2,2,74,2,1
8110033,3,2,3,1,3,1,3,3,3,3,3,3,1,1,1,1,1,1,2,1,2,3,5,5,2,40,5,1
8110034,2,2,2,1,2,1,4,1,2,2,2,2,1,1,1,4,4,4,2,1,2,3,4,4,2,46,3,1
8110036,1,2,2,1,3,3,3,3,2,2,2,2,1,1,1,1,1,3,1,1,1,1,4,4,1,66,2,1
8110041,1,2,2,1,1,1,1,1,1,1,1,1,1,1,1,3,4,4,1,1,1,1,5,4,2,38,3,1
8110042,1,3,2,2,1,1,1,3,1,3,1,1,1,1,1,1,3,3,2,1,4,5,4,3,1,50,5,1
8110043,1,2,2,1,1,1,3,2,1,1,1,1,1,1,1,4,2,2,1,1,1,1,5,5,1,27,3,1
8110044,3,3,3,3,2,2,2,2,2,2,2,2,2,2,2,2,3,3,1,3,2,3,4,4,2,24,4,1
8110045,2,2,2,1,3,1,4,1,3,1,1,1,1,1,1,4,4,3,1,1,1,3,5,5,2,56,3,1
8110051,1,2,2,1,1,1,3,1,1,1,1,2,1,1,1,1,2,1,2,1,3,1,5,1,1,48,2,1
8110052,1,2,2,1,1,1,1,2,1,1,1,1,1,1,1,1,2,1,2,1,3,5,5,1,2,75,1,3
8110053,1,3,3,3,3,1,5,1,5,1,5,3,1,1,1,1,1,1,2,1,1,1,5,3,2,36,2,1
8110054,1,3,3,3,1,1,3,1,1,2,1,2,1,1,1,2,2,1,1,1,1,1,5,3,2,39,5,1
8110055,3,2,2,1,2,2,4,4,2,3,2,2,2,2,2,,,,1,2,2,3,5,5,1,31,5,1
8110061,1,2,2,1,1,3,4,1,3,1,1,1,1,1,1,1,3,3,2,1,3,4,5,5,1,42,7,1
8110062,2,2,2,1,1,1,1,1,2,1,1,1,1,3,3,3,3,1,2,3,4,4,4,5,2,38,,
8110063,1,2,2,1,1,1,3,1,3,3,1,3,1,1,1,2,2,2,2,1,3,3,4,4,2,54,5,1
8110071,1,1,2,1,1,1,4,1,1,1,1,1,1,1,1,3,3,3,2,3,4,4,4,4,1,62,5,1
8110072,1,2,2,1,1,1,4,1,1,1,1,1,1,1,1,4,3,3,2,1,3,3,4,4,1,37,5,1
8110073,1,2,2,1,3,1,4,1,1,1,1,1,1,2,1,3,4,4,2,1,3,3,4,4,2,72,9,1
8110074,1,2,2,1,1,1,4,1,1,1,1,1,1,1,1,3,4,3,2,1,3,3,4,4,2,42,5,1
8110075,1,1,2,1,1,1,3,1,1,1,1,1,1,1,1,1,3,2,2,1,1,3,5,5,1,37,9,1
8110081,1,2,2,1,1,1,2,2,1,1,1,1,1,1,1,3,3,3,2,1,1,1,4,2,2,52,5,1
8110082,1,2,2,,2,2,1,1,1,2,1,1,,,,2,1,1,1,1,5,3,4,5,2,28,7,1
8110083,1,2,2,2,1,1,4,1,1,1,1,1,,3,,4,1,3,2,1,1,1,5,4,2,54,5,
8110084,2,2,2,3,3,2,3,2,3,2,3,3,3,2,3,3,4,2,1,1,2,2,4,4,1,33,8,3
8110091,3,2,1,1,3,1,4,1,1,1,3,3,1,1,1,3,3,3,2,1,2,2,4,4,2,69,2,1
8110092,1,2,2,1,1,1,4,1,1,2,1,3,1,1,1,4,4,4,2,1,2,3,4,4,2,44,5,1
8110093,1,2,2,2,1,1,4,1,1,1,1,1,1,1,1,3,3,3,2,1,3,3,4,4,1,60,4,1
8110094,1,1,2,1,3,1,4,1,3,3,1,3,1,1,1,4,4,4,2,1,3,3,5,4,2,37,5,1
8110095,1,2,2,1,3,3,4,3,3,3,3,3,1,1,1,5,4,4,2,1,1,1,4,5,2,67,3,1
8110102,1,2,2,1,2,1,3,1,2,2,1,1,1,1,1,4,,,2,2,3,3,3,5,1,35,9,2
8110104,1,2,2,1,1,1,3,1,1,1,1,1,1,1,1,3,3,,2,1,1,2,4,5,1,55,5,4
8110105,2,2,3,1,2,1,2,1,1,2,3,1,1,1,1,1,,,2,1,1,3,5,5,2,64,5,3
8110111,1,2,2,1,3,1,4,1,2,1,1,1,1,1,1,4,4,4,2,1,3,3,4,4,2,69,2,1
8110112,1,2,2,1,1,1,3,1,1,1,3,3,1,1,1,3,3,3,2,1,1,1,4,4,2,58,9,1
8110114,3,2,2,1,3,1,4,2,3,3,3,3,1,1,1,3,3,3,2,1,3,3,4,4,2,46,7,1
8110115,3,1,1,1,4,1,4,1,1,1,3,3,1,1,1,3,4,3,2,1,1,1,5,4,2,46,5,1
8110121,1,2,2,1,1,3,3,3,3,3,1,1,2,2,2,4,4,4,2,2,3,4,5,4,1,28,9,1
8110123,1,2,2,1,1,3,3,1,3,3,1,1,3,3,3,3,3,3,2,3,3,4,4,4,2,74,9,1
8110124,1,2,2,1,1,1,3,3,3,3,1,1,1,1,1,4,3,3,2,1,2,3,4,4,2,22,9,1
8110125,1,2,2,1,1,1,4,1,3,3,1,1,1,1,1,3,3,3,2,1,3,3,5,5,1,55,7,1
8110132,2,2,2,1,2,2,3,3,2,4,1,2,2,2,2,1,1,2,2,1,3,3,5,3,2,53,9,2
8110133,1,2,2,1,2,2,4,3,4,,3,2,2,2,2,4,4,4,2,3,3,3,5,4,2,36,7,1
8110135,1,2,2,1,1,1,4,1,1,3,1,1,1,1,1,1,3,3,2,1,1,1,4,4,1,46,5,1
8110141,2,2,2,1,2,2,2,,2,2,2,2,2,2,2,3,2,2,1,2,3,3,4,3,2,49,3,3
8110143,1,2,2,1,1,1,2,3,1,1,1,1,2,1,1,3,3,3,2,2,2,3,5,5,1,28,5,3
8110145,,2,2,2,2,1,5,1,2,1,1,1,1,1,1,1,1,1,2,1,2,1,4,4,2,72,1,1
8110151,2,3,2,3,1,1,4,2,1,2,1,1,2,2,1,3,3,3,1,3,3,5,5,4,1,52,9,1
8110152,1,3,3,3,1,1,3,3,1,1,1,1,1,1,1,,,,2,1,1,1,5,5,2,41,5,1
8110153,2,2,3,3,2,1,4,2,3,4,2,3,2,2,3,2,3,2,2,2,3,3,5,5,1,39,9,1
8110154,1,3,3,3,1,1,3,2,1,1,1,3,1,1,1,4,4,3,2,1,2,3,5,5,1,56,4,2
8110155,2,2,3,3,1,1,3,4,4,4,2,1,1,1,1,3,2,2,2,1,5,5,5,5,1,28,8,1
8111011,4,2,2,2,3,1,2,1,1,3,1,1,1,1,1,1,3,3,2,1,3,5,4,4,2,63,5,3
8111012,2,2,2,1,3,1,4,4,2,5,4,4,1,1,1,4,4,4,2,1,2,2,5,5,2,71,9,3
8111013,1,2,2,1,1,1,2,2,1,1,1,4,1,1,1,1,3,1,2,1,2,1,5,5,2,71,4,2
8111014,1,2,2,1,1,1,2,1,1,1,1,2,1,1,1,1,3,2,2,1,2,3,4,4,2,64,2,3
8111023,3,2,2,2,3,1,4,4,4,3,3,4,1,1,1,4,4,4,2,3,5,5,4,4,1,42,9,3
8111024,4,2,2,1,2,2,4,2,4,4,4,4,1,1,1,1,3,1,2,4,1,5,4,1,2,54,5,3
8111025,1,2,2,2,1,1,4,2,1,1,1,1,1,1,1,5,5,5,2,3,4,4,5,5,2,46,5,2
8111026,3,2,2,1,1,1,4,4,3,3,1,1,1,1,1,1,1,1,2,3,5,5,4,1,2,54,7,2
8111031,2,2,1,1,2,1,5,1,1,1,1,2,1,1,1,1,1,1,2,1,1,2,4,4,2,49,7,4
8111032,1,2,2,1,1,1,2,1,1,1,1,1,1,1,1,1,1,1,2,1,1,5,1,4,1,50,7,1
8111033,1,2,1,2,1,1,1,1,1,1,1,1,1,1,1,1,3,3,1,1,3,4,4,4,2,19,8,3
8111034,1,2,2,1,4,4,4,1,1,1,1,5,1,1,1,1,1,1,2,1,1,5,4,4,1,75,2,1
8111035,1,3,2,1,1,1,3,1,1,1,1,1,1,1,1,1,3,3,2,1,1,5,4,1,2,47,5,2
8111041,1,2,2,2,3,1,5,1,1,4,5,1,1,1,1,1,1,1,2,1,1,1,3,3,2,73,2,1
8111042,1,2,2,1,1,1,1,1,3,1,1,1,1,1,1,1,4,1,2,1,1,4,4,4,2,70,2,4
8111043,1,2,2,1,1,1,1,1,1,1,1,1,1,1,1,1,1,1,1,1,1,4,4,4,1,20,5,2
8111044,3,2,2,1,3,1,4,3,1,1,3,3,1,1,1,1,4,4,1,1,1,5,4,4,1,28,5,1
8111045,2,2,2,1,3,3,3,4,1,1,1,3,1,1,1,1,2,1,2,1,1,1,3,4,2,57,2,1
8111051,2,2,2,1,2,1,2,1,1,2,2,2,1,1,1,1,1,1,2,1,1,4,5,5,2,46,4,3
8111052,2,2,2,1,3,1,4,3,1,1,1,4,1,1,1,1,3,3,2,1,1,3,4,4,2,62,2,2
8111053,2,1,1,2,4,3,4,4,3,3,3,4,3,3,3,3,3,3,1,2,4,5,4,4,1,59,7,4
8111054,1,2,2,1,1,2,4,1,3,1,1,1,1,1,1,1,1,1,2,1,1,1,3,1,2,57,5,2
8111055,2,2,2,1,2,2,5,1,1,1,1,3,2,1,1,5,3,3,2,3,3,5,4,4,1,56,5,1
8112011,1,2,2,2,2,1,5,3,3,2,1,1,1,1,1,4,4,4,2,4,3,3,5,4,2,61,7,1
8112012,1,2,2,1,1,1,1,1,3,1,1,1,1,1,1,2,,,2,2,2,2,4,4,2,47,2,1
8112013,2,2,3,3,1,1,4,1,1,1,1,2,1,1,1,,,2,2,1,1,2,4,3,2,72,2,2
8112014,1,2,2,1,1,1,2,3,2,1,1,1,1,1,1,,,,1,1,1,1,5,5,2,66,3,1
8112015,1,2,2,1,1,1,1,1,1,1,1,1,1,1,1,,,,2,1,1,1,5,4,2,66,5,2
8112023,1,2,2,3,1,1,3,2,3,1,1,2,1,1,1,1,2,1,2,2,3,4,5,3,1,39,7,1
8112025,3,2,3,1,1,1,3,2,2,3,2,3,1,1,1,5,5,5,2,1,1,2,3,5,2,36,5,3
8112031,4,2,2,1,4,3,4,3,3,2,2,4,1,3,3,2,4,3,2,4,4,5,5,3,1,55,9,6
8112033,2,2,2,1,2,2,4,,2,2,1,4,1,2,2,1,,,2,2,1,5,5,1,1,70,5,2
8112034,1,2,2,1,1,1,3,1,1,1,1,1,1,1,1,4,5,3,2,1,3,4,5,3,2,51,8,1
8112035,3,2,1,2,1,1,5,1,1,1,1,1,1,1,1,1,1,,1,1,1,1,5,5,1,41,7,1
8112042,1,2,2,1,2,1,4,1,2,1,1,2,,,,,3,,2,3,2,2,5,5,2,74,2,1
8112043,,2,1,2,1,1,4,1,1,1,1,1,1,1,1,,,,2,1,3,3,5,,2,65,3,1
8112044,1,2,2,1,2,2,2,3,1,3,1,2,,,,,,,2,1,2,1,4,5,2,75,4,1
8112045,1,3,2,1,2,1,2,,1,,2,1,1,1,1,3,3,,2,4,3,4,5,5,2,56,5,1
8112046,1,2,2,1,1,1,5,3,2,2,1,1,1,1,1,2,2,2,2,3,3,5,3,3,1,25,9,3
8112051,1,2,2,1,1,1,2,1,1,1,1,1,1,1,1,1,5,3,2,1,3,5,4,1,1,60,5,1
8112053,1,2,2,1,2,2,4,2,2,2,2,3,2,3,2,2,3,2,2,3,2,3,4,4,1,50,3,2
8112054,1,2,2,1,1,1,5,3,1,4,1,1,1,1,1,3,5,1,2,1,4,3,5,5,1,61,3,3
8112055,2,2,2,2,3,1,5,3,3,3,2,3,2,2,2,2,3,2,2,4,1,5,3,5,1,47,7,3
8112061,3,2,2,1,3,2,4,4,3,3,3,3,2,3,3,4,4,4,1,3,4,5,4,4,1,65,9,1
8112064,2,2,2,1,1,1,1,1,1,2,1,1,1,1,1,3,3,3,1,1,3,5,5,5,2,35,9,2
8112065,2,2,2,1,2,1,4,3,1,1,1,3,1,3,2,4,5,4,2,3,5,5,5,3,2,50,7,2
8112073,3,2,2,1,1,1,3,1,1,1,1,3,,,,,3,3,1,1,1,1,5,3,2,34,5,2
8112074,2,2,1,3,5,3,2,4,3,2,4,5,1,2,2,4,2,,2,2,3,5,5,1,2,55,5,2
8112075,1,2,2,1,1,1,1,1,1,1,1,1,1,1,1,3,5,1,2,1,1,3,5,5,2,61,1,1
8112081,1,2,1,2,1,1,3,2,1,2,1,2,1,1,1,3,5,4,1,1,2,2,5,4,1,38,8,3
8112082,2,1,3,3,2,2,4,4,2,2,2,1,2,2,2,4,5,4,2,4,4,4,5,4,1,42,7,2
8112083,1,2,2,1,1,1,1,2,1,2,1,1,1,1,1,1,1,1,2,1,3,4,4,4,2,67,3,1
8112084,1,3,2,1,2,1,4,3,1,3,1,1,1,1,1,4,2,,2,1,1,3,4,5,2,24,9,3
8112085,2,2,2,1,2,1,5,4,3,,1,3,1,1,1,3,3,3,2,1,3,3,4,5,2,75,2,3
8304011,3,2,2,1,1,1,3,,,3,,3,2,2,2,3,3,3,1,1,3,5,5,4,2,38,4,1
8304012,3,2,2,,2,2,5,,,2,,,,,,3,3,3,3,1,1,1,4,3,2,19,6,4
8304013,2,2,3,2,2,2,4,,,2,,2,1,1,1,2,2,2,2,2,1,4,5,3,2,46,5,
8304021,3,2,2,2,3,1,1,3,3,1,3,3,3,1,1,1,1,1,2,3,1,3,5,5,1,73,3,1
8304022,3,2,2,1,1,1,4,1,2,4,2,1,1,1,1,2,3,4,1,4,3,5,5,3,1,39,5,2
8304023,1,2,2,1,2,1,2,3,2,2,2,2,1,1,1,,4,1,2,1,4,5,5,5,1,36,5,1
8304032,4,2,2,3,3,3,4,2,2,2,2,3,1,1,1,2,5,5,2,1,3,4,5,4,1,78,2,1
8304033,4,1,3,3,2,2,3,2,1,2,1,2,2,2,2,1,2,2,2,1,1,5,4,4,1,73,4,1
8304041,4,3,2,3,5,3,5,3,3,3,3,4,1,5,1,1,1,1,2,3,2,5,5,4,1,73,2,
8304043,2,2,2,1,2,3,3,2,2,4,2,3,,,1,3,4,3,2,3,3,4,5,4,1,27,6,1
8304051,5,2,2,3,3,2,5,1,1,1,1,4,2,4,2,2,2,2,2,2,1,4,5,1,2,44,5,1
8304052,1,2,2,3,2,1,3,2,1,1,2,2,1,1,1,3,3,2,1,1,1,4,4,3,2,39,5,3
8304061,5,2,3,2,5,4,3,5,5,3,5,5,3,3,3,1,3,3,2,2,3,3,3,3,1,47,3,1
8304062,,2,3,3,3,1,3,2,2,2,2,2,1,1,1,1,4,1,2,1,1,3,1,5,2,52,2,1
8304063,1,2,2,1,1,1,1,1,1,1,1,1,1,1,1,4,4,2,1,1,3,2,3,2,2,23,4,1
8304071,4,3,3,3,3,1,5,2,1,2,2,4,3,3,3,4,4,4,2,1,3,4,4,4,1,71,9,3
8304073,2,2,2,3,1,1,5,2,2,2,2,1,2,2,2,4,4,1,2,1,1,4,5,3,2,69,2,1
8304081,1,2,2,1,1,1,1,4,1,4,1,1,1,1,1,4,4,1,2,1,4,4,4,4,2,51,4,1
8304082,2,2,2,2,2,3,2,4,4,,4,4,1,2,1,2,4,1,1,1,3,3,4,1,1,19,5,1
8304092,3,2,2,1,2,2,4,2,2,3,3,3,2,2,2,4,4,4,1,1,2,1,4,4,1,22,8,1
8305011,1,2,3,2,1,1,2,1,1,4,1,1,1,1,1,1,1,1,2,1,4,4,3,4,2,64,4,3
8305012,,2,3,3,3,2,4,2,2,2,2,1,2,2,2,,2,2,2,1,1,3,5,4,2,64,1,1
8305013,,2,3,3,3,1,4,3,3,2,2,3,1,1,1,1,4,3,2,1,1,5,4,4,2,61,3,1
8305022,2,2,3,2,1,1,5,2,4,2,2,1,1,1,1,4,4,4,2,1,3,4,4,5,1,71,4,4
8305023,3,2,2,1,1,1,1,2,2,2,2,2,2,2,2,3,3,2,2,3,1,4,2,4,2,38,5,1
8305031,1,2,1,2,1,1,4,4,1,1,1,1,1,1,1,4,4,4,2,2,4,4,4,5,1,42,5,3
8305032,1,2,2,3,1,1,1,4,1,3,1,2,1,1,1,4,4,,1,1,1,1,4,4,1,27,4,1
8305041,1,2,2,1,1,1,4,1,1,1,1,1,1,1,1,5,4,1,2,1,2,2,4,4,2,41,4,3
8305042,1,2,2,2,1,1,4,4,4,4,3,4,1,1,1,1,4,4,1,1,1,1,1,5,1,37,5,3
8305043,1,2,2,2,1,1,4,4,1,1,1,4,1,1,1,4,4,4,1,1,4,4,4,4,1,42,5,3
8305051,1,2,3,1,1,1,1,2,1,2,1,1,1,1,1,4,5,4,2,1,4,4,4,5,2,50,4,3
8305052,1,2,2,1,1,1,1,4,1,1,1,1,1,1,1,4,5,4,2,1,3,3,4,5,1,34,5,1
8305053,4,2,2,1,1,1,4,4,4,4,4,4,1,1,1,1,1,1,2,1,1,1,1,1,1,45,2,1
8305061,4,2,2,2,4,1,4,1,4,4,4,4,1,1,1,1,1,1,2,1,1,1,4,4,2,60,2,1
8305062,2,2,2,1,2,2,4,4,4,2,1,2,1,1,1,5,4,4,2,2,4,3,4,4,2,33,5,3
8305063,1,2,2,3,1,1,3,2,1,1,2,1,1,1,1,5,5,4,2,1,4,4,3,4,1,28,4,1
8305071,1,2,1,3,1,1,1,1,1,1,1,1,1,1,1,5,5,2,1,2,3,3,4,4,1,30,3,2
8305081,5,3,3,2,3,3,4,3,1,2,3,3,1,1,1,3,3,3,2,2,1,1,4,4,1,73,2,1
8305083,1,2,2,2,1,1,5,4,4,1,1,1,1,1,1,5,1,1,1,1,1,1,4,4,2,22,2,1
8305092,2,3,3,3,1,1,5,1,1,5,1,1,2,1,1,3,1,1,2,4,5,5,3,5,1,74,2,3
8305101,,2,3,1,2,1,1,1,3,3,,2,1,1,1,4,4,4,1,2,4,4,4,4,2,34,5,6
8305102,2,2,2,1,3,1,3,1,1,,1,2,1,1,1,1,1,1,2,1,3,5,5,4,2,60,3,1
8305103,1,2,2,1,2,1,5,4,1,,1,2,1,1,1,3,5,1,2,1,5,5,4,2,2,59,4,
8305111,1,2,1,3,2,1,4,4,1,1,1,2,1,1,1,4,4,2,1,2,2,2,4,5,2,23,5,2
8305112,1,2,1,3,1,1,4,2,1,,1,1,1,2,1,5,5,4,2,1,1,2,1,5,2,57,7,3
8305113,2,2,1,1,2,1,3,4,2,1,1,2,1,1,1,5,5,1,2,1,3,3,2,4,1,53,3,2
8310012,3,2,1,2,4,4,4,4,4,4,4,4,,,,5,5,5,2,1,4,4,4,5,2,58,4,1
8310013,1,2,2,1,1,2,1,1,1,1,1,1,1,1,1,5,4,4,2,1,4,4,4,4,2,30,9,3
8310021,4,2,2,1,4,,3,3,3,,4,4,1,1,1,,,,2,1,2,2,4,3,1,75,1,1
8310022,1,2,1,1,1,1,3,2,1,4,1,1,1,1,1,4,3,4,2,1,4,4,4,4,1,67,2,1
8310023,1,2,2,1,1,1,3,1,3,1,1,1,1,1,1,5,5,5,2,1,4,4,4,5,2,61,9,5
8404013,1,2,2,1,3,3,4,3,3,3,4,3,1,1,1,1,3,3,2,2,2,3,4,4,2,20,8,3
8404015,1,2,1,3,1,1,3,1,4,1,3,3,1,1,1,1,1,3,2,1,1,1,4,4,2,74,5,2
8404021,1,2,3,3,3,1,4,1,1,1,1,3,1,1,1,1,1,1,2,1,1,1,1,4,2,58,2,3
8404022,1,2,2,1,1,1,3,4,1,3,1,1,1,1,1,1,3,1,2,1,3,4,5,4,1,22,8,2
8404023,1,2,2,1,1,1,4,1,1,5,1,1,1,1,1,1,3,1,2,3,3,5,4,4,1,58,3,2
8404033,4,3,2,1,1,1,4,4,1,4,4,1,1,1,1,1,5,1,2,1,1,5,4,1,2,68,7,2
8404041,1,2,2,1,3,3,4,3,2,2,3,3,1,1,1,1,1,1,1,1,1,4,4,3,1,23,7,3
8404042,1,2,2,2,1,1,1,1,1,1,1,1,1,1,1,1,1,1,2,1,1,5,4,4,1,32,4,2
8404043,1,2,2,1,1,2,2,4,1,1,3,1,1,1,1,1,1,1,2,1,1,3,5,4,2,37,5,2
8404051,4,2,2,2,3,1,1,1,1,1,1,2,1,1,1,2,3,3,2,1,1,1,4,1,2,70,2,1
8404052,1,2,2,1,2,1,1,1,1,3,3,4,1,1,1,1,1,1,1,1,3,5,4,4,1,29,3,2
8404053,3,2,2,1,2,2,2,2,2,2,2,2,1,1,1,1,2,1,2,1,1,4,1,4,2,70,4,2
8404062,1,2,2,2,1,1,5,3,3,2,3,3,1,1,1,4,3,3,2,1,2,5,5,3,2,48,5,3
8404063,2,2,2,2,1,1,4,1,1,1,1,1,1,1,1,3,2,2,2,1,3,3,4,5,1,36,4,2
8404071,1,2,2,2,1,1,3,1,1,1,1,3,1,1,1,1,2,2,2,1,1,1,5,1,2,38,5,1
8404072,1,2,2,2,1,1,4,1,1,1,1,3,1,1,1,1,3,3,2,1,1,1,4,5,2,51,5,2
8404073,1,2,2,2,1,1,2,1,1,1,1,2,1,1,1,3,1,1,2,2,5,5,5,5,2,69,5,2
8404081,1,2,2,3,1,1,4,1,1,1,1,4,1,1,3,4,4,4,2,2,3,3,5,1,2,33,9,2
8404082,1,2,2,2,1,1,5,3,1,1,1,1,1,1,1,5,5,5,2,1,3,3,4,4,1,53,5,2
8404091,2,2,2,2,2,1,3,1,1,1,1,1,1,1,1,3,4,4,2,1,2,3,5,1,2,60,5,2
8404092,1,2,2,2,1,1,4,1,1,1,1,1,1,1,1,3,4,5,2,3,3,3,4,4,2,58,3,1
8404101,1,2,2,2,1,1,1,1,1,1,1,1,1,1,1,3,3,1,2,1,1,1,5,5,2,61,2,1
8404103,1,2,2,2,1,2,1,1,2,1,3,3,1,1,1,1,4,4,2,2,3,3,4,4,2,42,4,1
8413011,,2,2,1,4,1,3,1,1,1,1,3,1,1,1,2,1,1,2,1,1,3,5,3,2,73,2,1
8413012,2,3,2,1,1,1,4,1,3,3,3,3,1,1,1,1,1,1,2,1,1,5,4,4,1,58,3,1
8413013,2,2,2,,3,3,2,2,2,3,2,3,2,2,2,2,2,2,1,1,1,4,4,4,1,24,6,1
8413021,2,2,2,1,2,1,3,3,3,3,2,3,1,1,1,3,,,1,3,3,3,4,4,2,49,5,2
8413035,4,2,2,1,3,1,4,1,1,1,1,4,1,1,1,1,1,4,1,1,1,3,1,1,2,24,4,2
8413041,2,2,1,1,1,1,1,1,1,1,1,2,1,1,1,1,3,2,1,1,1,5,4,4,1,49,6,1
8413043,1,2,2,1,4,1,1,1,1,1,2,1,1,1,1,1,1,1,2,1,1,1,4,4,2,45,2,1
8413051,2,2,1,1,3,1,3,1,3,3,3,3,3,3,3,1,3,1,2,1,2,2,5,5,1,43,4,1
8413063,4,1,1,1,4,1,4,2,4,4,3,4,1,1,1,1,4,4,2,4,5,5,4,4,2,48,5,2
8413064,1,2,2,1,3,1,3,3,3,1,1,3,1,1,1,1,1,1,2,1,1,2,4,4,1,60,2,1
8413071,3,2,2,2,3,1,3,1,1,1,1,1,1,1,1,4,,,1,1,1,1,4,4,2,52,5,2
8413072,2,2,2,3,3,2,5,3,3,3,3,3,,,,3,3,3,2,3,3,3,4,5,2,31,5,2
8413075,4,3,2,1,1,1,3,4,1,4,1,1,1,1,1,1,,3,2,1,1,5,4,4,2,39,5,3
8413081,2,2,2,2,2,2,4,3,4,3,2,2,3,3,1,4,4,4,2,2,3,4,5,4,2,50,5,3
8413082,1,2,2,1,2,1,3,1,1,1,2,1,1,1,1,1,2,2,1,1,1,1,5,5,1,25,9,6
8413083,3,2,2,1,2,1,4,3,2,3,3,3,1,1,1,3,3,3,2,1,1,1,5,3,2,46,5,2
8413091,3,3,2,1,3,3,3,1,3,3,3,3,1,1,1,4,4,4,1,1,1,3,4,4,2,24,4,2
8413092,3,2,2,1,4,1,4,4,2,1,1,4,1,1,2,1,1,2,2,1,1,5,4,4,2,28,3,2
8413093,4,2,2,1,4,1,4,1,1,1,1,3,1,1,1,1,1,1,2,1,2,3,4,4,2,56,3,1
8413111,1,2,2,1,1,1,4,4,3,3,1,1,1,1,1,1,1,3,1,1,5,5,1,1,1,50,7,1
8413113,1,2,2,1,1,1,4,3,1,1,1,4,1,1,2,1,1,1,1,1,5,5,4,4,2,41,5,2
9101011,1,2,2,3,1,1,4,1,1,1,1,1,1,1,1,4,2,3,2,1,3,3,4,4,2,50,7,3
9101012,1,2,2,1,1,1,1,1,1,3,3,1,3,2,2,1,2,3,2,1,3,3,5,4,2,73,5,2
9101013,2,2,2,1,2,1,4,3,2,3,2,3,1,1,1,3,3,,2,3,1,4,4,4,2,70,9,3
9101023,1,2,2,3,1,1,1,1,1,1,1,2,1,2,1,1,4,4,2,2,2,3,4,4,2,48,9,3
9101031,4,2,2,3,3,2,2,1,2,1,2,1,1,1,1,2,1,1,2,3,5,1,1,3,1,35,5,1
9101032,4,3,3,3,1,1,3,1,4,1,1,1,1,1,1,1,1,1,2,3,5,3,3,3,1,25,5,2
9101033,3,2,2,2,3,3,3,4,3,3,4,4,3,3,4,4,5,4,2,3,3,2,3,4,1,69,3,1
9101041,3,3,2,3,5,3,5,5,,3,4,4,5,1,1,1,1,1,2,1,4,2,3,4,1,23,5,3
9101043,3,2,2,3,1,1,1,1,1,1,1,1,1,1,1,1,1,1,2,3,1,1,2,3,2,57,2,2
9101051,3,2,3,3,1,1,1,2,2,2,3,3,2,4,1,2,2,2,2,1,1,1,2,4,1,54,4,2
9101053,4,1,1,2,1,1,1,1,1,1,1,1,1,1,1,1,1,1,2,1,4,1,3,3,2,65,4,2
9101062,3,3,3,2,1,1,1,1,1,1,1,1,1,1,1,1,1,1,2,1,1,1,3,3,2,48,4,2
9101063,3,3,3,3,3,3,3,2,3,3,3,3,4,4,3,4,4,4,2,4,5,2,3,5,1,73,3,1
9101071,2,2,1,1,1,1,3,1,1,1,1,2,1,1,1,3,3,,1,2,2,5,4,4,2,33,5,2
9101073,1,2,2,1,1,1,1,1,1,1,1,1,1,1,1,,4,,1,1,1,2,4,3,2,29,6,2
9101092,1,2,2,1,1,1,4,3,1,1,1,1,1,1,1,1,1,1,2,1,1,1,5,5,2,48,5,1
9101093,1,2,2,1,2,2,3,3,3,2,3,3,3,3,1,1,1,1,2,1,1,1,5,5,2,42,5,2
9101101,2,2,1,1,1,1,3,1,1,1,1,2,1,1,1,1,1,2,2,1,2,1,5,5,2,64,7,1
9101102,2,1,2,1,1,1,3,1,3,3,1,1,1,1,1,1,4,4,2,1,4,3,5,5,1,48,5,1
9101103,1,2,2,1,1,1,3,2,1,1,1,1,1,1,1,1,1,,2,1,3,3,3,1,2,62,9,3
9101111,1,2,2,1,1,1,3,1,1,1,1,3,1,1,1,1,4,1,2,1,3,3,4,1,2,56,3,1
9101112,1,2,2,2,2,1,4,1,5,1,1,3,1,2,1,1,2,1,2,3,2,2,4,4,2,43,2,1
9101113,1,2,2,1,1,1,1,1,1,1,1,1,1,1,1,1,1,1,2,1,1,1,5,1,2,50,5,1
9101122,3,3,3,2,2,2,4,4,3,3,2,2,2,2,2,3,3,3,2,3,4,5,4,4,1,23,9,3
9101131,1,2,2,2,1,1,2,1,1,2,1,1,1,1,1,3,2,4,2,3,3,3,3,3,1,25,9,2
9101132,5,2,2,1,3,2,4,4,3,2,2,4,1,2,3,3,4,3,2,4,4,5,5,1,2,69,5,2
9101141,4,2,2,2,3,2,3,3,4,3,1,1,1,1,2,1,1,1,2,2,3,3,2,4,2,48,5,3
9101142,1,1,1,1,1,1,4,1,1,1,1,1,2,1,1,1,1,5,2,1,1,1,2,3,2,50,5,3
9101143,1,3,2,2,1,1,1,1,1,1,1,1,1,1,1,1,1,1,2,1,1,1,3,4,2,51,5,3
9101151,1,3,2,3,2,1,4,1,1,1,1,2,1,2,1,5,5,5,2,1,1,4,5,5,2,69,3,1
9101152,1,2,1,2,1,1,3,4,3,1,1,3,1,1,1,2,4,3,2,1,1,1,5,5,2,29,7,2
9101153,2,2,2,1,2,1,5,1,2,5,2,2,1,1,2,1,5,5,1,1,1,3,4,3,2,35,6,3
9101161,2,2,3,3,2,2,3,1,1,1,1,2,1,1,1,1,2,2,2,1,1,1,4,2,2,57,2,1
9101162,1,2,1,1,1,1,2,1,2,1,1,2,1,1,1,1,1,1,2,1,1,1,3,1,1,58,4,
9101163,4,2,3,3,1,1,1,1,1,1,1,1,1,1,1,1,1,1,1,1,1,1,4,4,2,31,5,2
9101171,3,2,2,2,3,3,3,4,3,3,3,3,4,1,1,1,1,1,2,2,2,2,3,4,2,52,5,2
9101172,3,2,2,3,1,2,1,1,1,1,1,1,1,1,1,1,1,1,2,3,3,2,3,4,1,31,7,2
9101173,1,2,2,3,1,1,1,1,1,1,1,1,1,1,1,1,1,1,2,3,3,2,2,5,1,22,8,2
9101181,3,2,2,2,1,2,1,1,2,1,1,1,2,3,3,3,4,4,2,1,1,2,1,1,1,57,9,3
9101182,3,,2,,2,3,3,3,3,3,4,3,1,2,3,3,3,2,2,1,2,2,3,4,1,62,5,3
9101183,5,1,2,2,5,4,4,4,4,4,4,5,3,3,3,3,3,3,2,4,5,3,2,5,1,68,5,3
9101191,1,2,2,2,1,3,1,2,2,2,3,2,1,1,1,1,1,1,2,2,5,1,2,4,1,48,9,6
9101192,4,3,3,3,1,1,1,1,1,1,1,1,1,1,1,1,1,1,2,1,2,1,3,3,1,45,9,4
9101193,3,3,2,2,1,3,4,4,2,3,4,,4,2,3,4,4,4,2,1,3,1,3,3,2,46,9,3
9101202,4,2,2,2,1,1,1,1,2,3,3,3,3,2,3,3,1,1,2,1,5,3,3,4,1,61,8,3
9101211,4,2,2,2,1,1,1,1,1,1,1,1,1,1,1,1,1,1,2,1,1,1,3,5,2,74,5,2
9101212,3,1,2,2,1,1,1,1,1,1,1,1,3,2,3,3,3,3,2,1,3,2,3,4,2,36,9,2
9101213,3,3,3,2,1,1,4,3,3,2,2,2,1,1,1,1,1,1,2,2,3,2,1,4,1,27,9,2
9101221,3,2,2,3,1,1,1,1,1,1,1,1,1,1,1,1,1,1,2,1,2,1,3,4,1,26,4,1
9101222,3,1,3,2,1,1,1,1,1,1,1,1,3,3,3,4,4,4,2,1,1,1,3,4,2,22,7,1
9101223,3,1,1,1,1,1,1,1,2,1,1,1,2,2,2,3,3,2,1,1,1,1,3,4,2,22,4,1
9102011,3,2,2,1,3,1,3,3,1,1,1,2,1,1,1,5,4,1,2,2,3,5,5,2,2,67,9,6
9102012,1,2,2,1,1,1,5,2,2,1,1,2,2,1,1,1,2,1,2,1,1,2,5,5,2,48,3,1
9102013,2,2,2,1,2,2,3,1,2,3,2,2,1,1,1,1,3,1,2,1,1,1,5,4,2,71,2,2
9102023,2,3,3,3,2,2,2,1,1,2,2,2,,,,3,3,3,1,3,2,2,4,3,1,30,8,3
9102031,2,2,2,2,2,2,3,3,2,2,2,3,2,2,2,3,3,3,2,2,3,3,4,4,2,56,5,4
9102032,1,2,2,1,2,1,2,,2,1,1,2,1,1,2,3,2,1,2,1,1,3,4,4,2,42,7,3
9102033,1,2,2,1,4,1,4,3,4,3,1,3,1,1,1,2,3,1,2,1,1,3,4,5,1,62,2,2
9102041,1,2,2,1,1,1,3,1,1,3,1,1,1,1,1,1,4,1,2,1,3,3,5,3,1,60,2,3
9102042,1,2,2,1,1,1,2,4,2,4,1,4,1,1,1,,5,,2,1,3,5,5,4,2,67,5,2
9102043,2,2,2,1,1,1,5,1,1,1,1,1,1,1,1,3,4,3,1,1,1,5,4,4,1,34,7,3
9102051,1,2,2,1,1,1,1,1,1,1,3,2,1,1,1,5,4,1,2,1,3,3,4,2,1,48,5,2
9102052,1,2,2,1,1,1,3,3,3,1,1,1,1,1,1,3,3,3,2,1,2,3,4,4,2,36,5,2
9102053,4,3,3,2,3,1,2,1,1,1,1,1,1,1,2,2,3,2,2,4,2,1,1,1,2,46,5,2
9102062,2,2,3,1,3,1,2,2,2,2,2,3,1,1,1,3,5,3,2,2,3,4,4,1,1,48,3,3
9102063,1,1,2,2,1,1,1,1,1,1,1,1,1,1,1,1,1,1,2,1,1,1,2,5,2,50,5,3
9102071,2,2,2,2,2,1,3,4,1,3,1,3,1,1,1,4,4,3,2,4,3,3,4,3,1,40,8,1
9102072,1,2,2,2,1,1,5,,1,1,1,2,2,2,2,2,3,2,1,2,2,3,4,4,2,27,4,2
9102073,3,2,2,2,1,1,4,1,1,,1,1,,,3,3,3,3,2,5,4,5,4,3,2,33,5,2
9102082,2,3,2,3,1,1,4,3,2,4,2,1,1,1,1,2,2,2,2,1,1,5,5,3,2,47,5,3
9102083,4,2,2,3,3,3,4,4,3,3,3,3,4,2,4,4,4,4,2,3,1,1,1,2,2,58,4,1
9102092,4,,3,3,2,3,3,4,4,3,4,3,2,2,3,1,1,1,2,3,1,1,3,5,1,32,5,2
9102101,,2,2,2,1,1,1,1,1,1,1,1,1,1,1,2,5,1,2,1,1,1,4,4,2,70,2,2
9102102,2,2,2,1,2,1,4,3,2,1,1,2,3,1,1,2,4,2,2,1,1,2,5,2,2,64,3,3
9102103,4,2,2,3,1,1,2,1,1,1,1,1,1,1,1,2,1,1,1,1,1,1,1,3,2,34,2,1
9102111,3,2,2,1,2,1,4,1,1,1,1,3,1,1,1,3,5,2,2,1,1,1,1,5,2,38,3,2
9102112,1,2,2,1,2,2,4,2,2,1,1,2,1,1,1,2,4,4,2,1,3,1,5,5,2,37,5,3
9108011,1,2,2,1,1,1,3,,1,1,1,1,1,1,1,1,5,3,2,1,1,1,5,1,2,58,5,1
9108012,3,2,2,1,2,1,3,3,3,3,3,3,2,2,2,2,3,3,2,2,1,5,4,4,2,52,5,1
9108013,2,2,1,1,3,1,3,2,3,2,3,4,1,1,1,1,1,3,2,1,3,3,5,3,2,72,3,1
9108023,2,2,2,1,2,2,4,3,2,2,2,3,2,3,3,2,4,2,2,2,4,4,5,4,2,36,8,3
9108031,2,2,2,2,1,1,4,4,1,2,1,2,1,2,1,5,5,4,2,4,5,5,4,3,2,29,9,3
9108032,1,2,2,1,1,1,5,3,3,3,2,3,1,1,1,2,3,3,1,1,2,3,5,4,1,19,8,1
9108033,4,2,2,1,2,1,4,2,2,,1,5,1,2,1,4,5,4,2,1,1,1,4,4,2,50,5,1
9108041,2,2,2,1,3,3,3,3,3,3,3,3,2,2,2,3,3,3,1,1,1,3,5,5,1,19,8,2
9108042,3,2,2,3,3,1,4,,2,3,3,3,1,1,1,5,5,4,2,1,2,1,4,4,2,39,7,2
9108043,1,2,3,1,1,1,5,4,1,2,1,1,3,2,1,4,4,3,2,2,2,3,5,5,2,55,3,1
9108052,5,2,1,2,3,1,4,3,1,5,3,3,2,1,1,1,1,2,1,1,3,3,5,5,1,72,10,6
9108061,4,2,2,2,1,1,4,1,4,3,3,2,1,1,1,1,1,2,2,1,1,1,5,1,1,27,5,1
9108062,1,2,2,3,3,1,4,4,3,3,2,4,1,1,1,4,5,5,1,1,1,3,4,4,1,71,9,1
9108063,1,2,2,1,1,1,1,1,3,1,1,1,1,1,1,1,2,3,1,1,1,1,5,5,2,38,3,1
9108071,3,2,2,1,1,1,4,3,3,2,3,3,1,2,1,1,1,2,2,1,1,1,4,5,2,54,5,1
9108072,2,2,2,1,3,3,4,2,3,5,2,2,4,4,2,2,3,4,2,3,3,4,4,4,2,28,6,2
9108073,2,2,2,1,2,1,5,4,1,1,1,3,1,1,1,1,2,4,2,1,1,1,5,5,2,42,4,1
9108081,1,2,2,1,1,1,1,4,1,2,1,1,1,1,1,1,1,1,2,1,3,3,5,4,1,57,5,1
9108082,1,2,2,1,1,1,5,1,1,3,1,2,1,1,1,3,5,3,2,1,3,5,5,5,2,43,3,1
9108083,1,2,2,1,1,1,5,1,1,1,1,1,1,1,1,1,1,1,2,1,1,1,3,5,2,48,2,1
9108091,2,2,2,2,2,2,3,3,2,2,2,2,2,2,2,4,5,4,1,2,3,3,4,4,2,25,7,3
9108092,2,2,2,1,3,2,5,3,1,2,2,2,2,3,2,3,4,3,2,2,3,3,4,3,2,56,3,1
9108101,2,2,2,1,2,3,3,3,2,2,2,3,1,3,2,4,2,,2,2,2,4,5,2,2,51,5,1
9108102,3,2,2,2,3,1,2,2,2,2,3,3,1,2,1,1,2,1,2,1,1,3,5,4,2,49,5,1
9108103,1,2,2,1,1,1,3,,1,3,1,1,1,2,1,1,4,3,1,1,2,3,4,1,1,51,4,1
9108111,2,2,2,2,3,1,4,4,3,1,2,3,1,1,1,3,3,1,2,2,3,4,4,3,2,37,5,1
9108113,1,3,1,3,1,1,2,3,1,3,1,2,1,2,3,1,4,4,1,1,1,1,4,4,2,30,4,2
9109012,1,2,2,2,1,1,4,2,3,2,1,1,1,1,1,1,3,2,2,2,3,3,4,3,1,54,5,4
9109013,1,1,1,1,1,1,1,1,1,1,1,1,,,,,,,2,1,1,1,2,5,2,47,3,2
9109021,2,2,2,3,1,1,3,4,1,1,1,1,1,1,1,1,1,1,2,1,1,1,3,1,1,44,5,1
9109022,1,2,2,2,1,1,3,,1,2,1,1,1,1,1,1,1,1,2,1,2,1,4,4,2,44,5,3
9109023,,3,3,,,,,,,,,,1,1,1,1,1,1,2,1,1,1,3,,2,73,3,1
9109031,2,1,2,2,1,1,1,1,1,1,1,1,3,1,3,1,3,3,2,2,1,1,2,4,2,56,3,1
9109032,3,2,2,3,2,1,3,2,3,3,4,3,1,2,3,4,3,3,2,3,3,1,2,4,1,50,5,2
9109033,3,2,2,3,3,3,4,4,1,3,3,3,1,1,1,,2,,2,4,4,5,4,3,1,56,5,2
9109041,4,1,1,1,1,1,1,1,1,2,1,1,1,1,1,1,1,1,2,2,1,2,2,3,1,67,5,3
9109042,2,3,3,2,2,2,2,2,2,3,2,2,3,2,1,2,4,4,1,3,2,4,3,2,2,45,7,3
9109043,4,2,3,3,3,1,3,1,1,1,2,3,,3,,4,4,4,2,2,3,5,5,3,2,65,5,3
9109051,1,2,2,2,1,1,3,2,1,1,1,1,1,1,1,1,1,1,2,3,3,3,4,3,2,31,5,1
9109052,4,3,2,3,1,1,1,1,1,2,1,1,3,3,3,4,3,4,2,3,3,2,2,3,1,47,5,3
9109053,3,1,2,2,1,1,3,3,3,1,1,1,1,1,1,1,1,1,2,3,1,2,3,3,1,47,5,2
9109061,4,2,2,2,2,2,5,3,4,3,3,2,4,4,4,4,4,4,2,2,3,4,4,3,1,65,5,4
9109062,4,3,2,2,1,1,1,1,1,1,1,1,1,1,1,1,1,1,2,1,1,1,4,4,2,75,9,3
9109063,1,2,2,2,2,1,4,1,3,1,,1,1,1,1,1,1,1,2,1,1,1,4,3,2,60,2,1
9109071,3,2,2,2,2,2,4,1,2,4,3,2,1,1,3,1,1,1,1,1,3,5,4,2,1,36,5,1
9109072,1,2,2,3,1,1,2,1,1,1,1,1,1,1,1,1,1,1,2,1,3,3,5,3,1,38,4,1
9109073,4,3,2,3,1,1,1,1,1,1,1,1,1,1,1,1,1,1,2,3,1,1,3,5,1,65,4,1
9109081,,2,2,2,1,1,2,1,1,1,1,1,1,1,1,2,4,2,1,1,2,3,1,1,2,32,5,1
9109082,1,3,1,1,1,1,3,1,2,1,2,1,1,1,1,2,2,1,2,1,1,1,4,5,2,34,2,1
9109083,5,3,2,3,1,1,1,1,1,1,1,1,1,1,1,1,1,1,1,1,1,1,3,1,1,37,9,3
9109091,1,1,1,2,1,1,1,3,3,3,3,3,1,1,1,1,1,1,2,1,1,1,3,5,2,49,4,2
9109092,4,3,3,2,1,1,2,1,1,1,1,1,1,1,1,1,1,1,2,3,5,4,3,4,2,59,2,1
9109093,1,2,2,2,3,1,2,1,1,4,1,2,1,1,1,1,1,1,2,1,3,3,4,2,1,40,2,1
9109101,1,1,1,1,1,1,3,1,2,3,1,1,1,1,1,1,1,1,1,1,1,1,1,1,1,48,5,2
9109102,,,,,4,2,4,,1,3,3,4,,,,,,,1,3,3,3,3,3,2,70,2,
9109111,1,2,2,2,1,1,1,1,1,2,2,1,2,2,3,4,4,3,2,3,1,4,3,4,2,68,3,1
9109112,3,2,2,2,1,1,4,,2,2,3,2,,,,4,4,4,2,3,2,4,4,4,2,63,5,1
9109113,3,3,2,2,3,3,3,2,3,4,4,3,3,3,3,4,4,4,2,3,3,3,1,4,2,71,2,1
9111011,,2,2,2,1,1,3,,1,3,2,3,1,,2,4,4,3,2,3,2,2,4,3,1,32,5,1
9111012,2,2,2,2,1,1,3,2,1,1,1,1,,,,2,4,3,2,2,3,3,4,3,1,60,5,1
9111013,2,,2,2,3,2,3,4,3,3,4,4,4,3,3,4,3,3,2,3,1,1,1,3,2,48,5,3
9111021,3,2,2,2,2,1,2,4,2,2,1,5,4,4,4,4,4,3,2,4,4,5,3,4,1,32,9,2
9111022,1,2,2,2,2,2,3,1,3,2,1,3,3,3,3,3,4,4,2,3,3,3,4,3,1,35,5,1
9111023,1,2,2,2,4,1,4,2,3,1,1,4,1,1,1,4,4,2,2,1,3,3,4,3,2,61,4,1
9111032,2,2,2,2,2,1,4,2,2,1,2,2,2,2,2,2,3,3,2,2,3,3,4,3,1,53,5,1
9111033,3,2,2,2,2,1,3,1,1,3,1,3,1,1,1,,3,,2,3,3,3,4,2,2,73,5,2
9111041,1,3,3,3,1,1,1,1,1,1,1,1,,,,3,3,3,1,1,1,1,4,,1,35,2,1
9111042,1,2,2,2,2,1,4,4,2,3,2,2,1,1,1,4,4,5,2,1,1,1,5,3,2,37,5,2
9111043,1,2,2,2,2,2,2,2,2,1,2,3,3,3,3,3,4,1,2,4,5,5,5,3,1,45,5,2
9111053,1,2,2,2,1,1,4,2,2,3,1,1,1,1,1,2,3,2,2,2,1,3,4,3,1,56,5,1
9111061,1,2,2,2,1,1,1,3,1,1,1,1,1,1,1,1,2,1,1,1,1,1,4,3,1,37,2,3
9111062,1,2,2,2,1,1,3,3,2,3,2,2,2,2,3,4,3,2,2,2,3,3,4,4,2,31,9,1
9111063,,2,2,2,1,1,4,,,4,1,1,1,1,1,3,2,2,1,1,1,1,4,3,2,35,2,1
9111071,4,3,2,2,1,1,1,1,1,1,1,1,1,1,1,1,1,1,2,3,1,1,3,3,1,40,5,1
9111072,1,2,2,2,2,2,2,2,2,2,2,3,1,1,1,3,3,3,1,1,1,1,4,3,2,40,5,1
9111073,1,2,2,2,2,1,2,2,1,2,2,2,1,1,1,1,4,1,1,2,2,2,5,3,1,31,4,1
9111082,1,2,2,2,1,1,3,,1,3,1,1,1,1,1,4,1,2,2,1,2,4,5,2,2,65,9,4
9111083,1,2,2,2,2,1,3,1,3,1,1,1,1,1,2,5,4,2,2,4,2,5,5,5,2,52,8,3
9111091,1,2,2,,1,1,5,,3,3,1,2,1,1,1,4,4,4,2,2,4,4,4,3,2,36,5,2
9111092,2,2,2,2,2,2,2,,2,,2,2,1,1,1,1,1,3,2,1,1,1,4,,2,51,2,1
9111093,1,3,3,,1,1,1,1,1,1,1,1,1,1,1,1,1,1,2,1,1,1,3,3,2,48,5,3
9111102,4,2,2,2,3,1,2,2,3,,2,3,1,1,1,3,3,2,2,1,1,1,4,3,2,75,2,1
9111103,2,2,2,2,2,2,1,1,1,1,1,1,1,1,1,3,2,2,2,3,2,2,4,3,1,72,9,1
9111112,3,3,3,3,1,1,4,3,3,4,4,2,3,2,4,3,3,3,1,1,1,1,3,5,2,60,5,1
9112012,1,2,2,1,1,1,2,1,2,2,1,1,1,1,4,1,2,2,2,1,1,1,4,1,1,32,4,1
9112013,1,2,2,1,1,1,4,1,1,1,1,1,1,1,1,1,3,1,2,1,1,1,5,5,2,52,7,1
9112021,1,2,2,1,2,1,3,1,1,1,1,1,1,1,1,1,1,1,2,1,1,1,4,5,2,65,2,1
9112022,1,2,2,1,1,1,3,1,1,1,1,1,1,1,1,1,1,3,2,1,1,1,4,1,2,46,2,1
9112023,2,2,2,1,1,1,3,1,1,1,1,1,1,1,1,1,5,3,1,1,1,1,5,5,2,23,7,1
9112031,1,2,2,3,1,1,3,3,1,3,1,1,1,1,1,3,1,1,1,4,3,3,5,1,1,25,5,1
9112032,1,2,2,1,1,2,4,1,1,3,1,1,2,1,1,1,1,1,2,4,3,3,5,5,1,30,9,2
9112041,1,2,2,1,1,1,3,3,2,3,1,1,1,1,1,2,3,1,2,3,3,2,5,4,1,25,8,1
9112042,4,2,2,1,4,1,1,1,1,1,1,1,1,1,1,1,1,1,2,1,1,1,3,4,1,74,4,1
9112043,1,2,2,1,2,1,3,3,4,1,1,1,1,1,1,1,1,1,2,1,1,1,5,5,2,30,5,2
9201021,2,2,2,1,2,2,3,3,2,2,2,2,1,1,1,1,3,1,2,1,1,1,3,2,2,73,5,3
9201022,2,2,2,1,1,1,3,1,3,3,2,1,1,1,1,1,1,1,2,1,2,2,3,3,2,63,8,3
9201023,2,3,2,2,3,3,5,4,1,1,1,2,1,1,1,3,3,3,2,3,3,3,4,3,1,34,5,1
9201032,4,2,2,2,2,1,1,1,2,1,1,1,1,1,1,1,1,1,2,2,1,1,1,3,2,40,2,1
9201033,,2,2,2,1,1,3,3,1,1,2,1,1,1,1,3,3,3,1,1,3,3,4,2,1,56,5,1
9201041,3,2,2,1,2,2,4,3,3,2,3,4,2,2,2,2,2,2,2,3,3,4,4,4,1,60,4,1
9201042,3,2,2,1,2,2,4,4,3,1,3,4,1,1,1,2,3,3,2,1,2,3,4,4,2,71,4,1
9201043,3,2,2,1,3,2,4,4,3,3,3,4,1,1,2,2,2,1,2,2,3,3,4,4,2,50,9,1
9201061,3,2,2,1,3,2,4,3,3,3,3,3,1,1,1,2,1,3,2,2,3,3,4,4,2,29,2,1
9201063,2,2,2,1,2,1,4,4,3,2,3,3,1,1,1,1,1,1,1,1,1,3,4,4,1,23,4,1
9201071,3,2,2,1,2,2,2,3,3,1,3,3,2,2,2,1,2,2,2,2,2,3,4,4,2,45,5,1
9201081,3,2,2,2,3,3,4,2,3,3,2,2,1,1,1,3,1,1,2,1,1,1,4,3,2,29,5,1
9201082,3,2,2,2,1,1,1,1,1,1,1,1,1,1,1,1,1,1,2,2,2,2,3,3,2,75,3,2
9201083,2,2,2,2,1,1,3,1,1,1,1,1,1,1,1,1,1,1,2,1,2,2,3,3,1,45,4,2
9201101,3,2,2,2,3,3,3,4,2,2,3,3,3,3,3,4,4,4,2,1,1,2,3,4,2,63,2,1
9201102,3,2,2,1,3,3,4,3,3,3,3,4,2,2,2,2,2,3,2,3,3,4,4,4,1,48,5,1
9201103,3,2,2,1,3,1,4,3,3,2,3,3,1,1,1,1,1,1,2,1,3,3,4,4,1,54,4,1
9201111,1,1,1,1,2,1,1,1,1,1,1,1,1,1,1,1,1,1,2,1,5,3,3,4,2,71,7,2
9201112,2,2,2,1,1,1,3,1,1,2,1,1,1,1,1,2,2,2,2,1,1,3,3,3,1,55,5,4
9201113,2,2,2,1,2,1,4,2,2,2,2,1,1,1,1,1,3,1,2,2,3,3,3,3,1,40,5,3
9201121,2,2,2,2,2,1,3,2,2,2,2,2,2,2,2,2,2,2,2,2,3,3,3,3,1,59,2,1
9201122,2,2,2,2,2,1,4,2,2,2,2,3,,,,3,3,3,2,2,2,2,4,3,2,42,5,2
9201123,3,2,1,2,2,2,3,2,2,1,2,1,1,1,1,1,2,1,2,2,3,3,3,3,1,43,4,3
9201132,2,2,2,1,1,1,4,1,1,1,1,1,1,1,1,1,1,1,2,2,4,2,3,3,2,43,4,3
9201141,3,2,2,2,1,1,2,1,1,1,1,1,1,1,1,3,1,1,2,1,1,3,2,3,1,48,4,2
9201142,3,2,2,2,1,2,3,3,3,3,3,3,3,2,3,4,4,4,1,1,1,1,2,4,1,27,5,1
9201143,2,2,2,2,1,1,1,1,1,1,1,1,1,1,1,1,1,1,2,1,3,3,3,3,2,33,5,2
9201151,1,2,2,1,1,1,3,4,4,2,1,3,1,1,1,1,1,1,1,1,2,3,5,5,2,24,5,1
9201152,2,3,2,1,2,3,4,2,3,2,2,3,2,2,2,2,2,1,2,1,3,3,4,4,1,63,3,1
9201153,3,2,2,1,3,2,4,2,3,3,3,3,1,1,2,3,2,2,2,2,3,3,4,5,1,36,3,1
9201161,4,2,2,2,2,2,2,3,3,4,4,4,2,2,2,3,3,4,2,4,4,3,4,4,1,55,7,4
9201162,2,2,2,2,1,1,3,4,2,3,1,1,3,3,3,4,4,4,2,1,2,2,4,3,2,38,7,1
9201163,3,2,2,2,1,2,4,4,1,2,2,1,3,3,3,4,3,4,2,4,4,4,4,2,1,54,9,4
9201171,1,2,1,1,1,1,4,1,1,1,1,1,1,1,1,1,3,2,2,2,2,2,3,4,1,46,5,3
9201172,2,2,1,2,1,1,2,1,3,1,1,2,2,1,1,1,1,1,2,1,3,3,4,3,2,35,5,2
9201173,2,2,2,2,1,1,4,3,3,2,2,2,1,1,1,1,1,1,2,2,3,3,3,3,2,34,5,2
9201181,2,2,2,2,2,2,2,3,1,1,2,2,,,1,1,4,2,1,1,2,2,4,3,1,33,4,2
9201182,,2,2,2,1,1,1,3,1,1,1,1,,,,4,3,1,2,2,2,2,4,3,2,46,6,2
9201183,,2,2,1,2,2,3,3,4,2,3,3,1,1,1,3,3,3,1,1,1,3,4,4,2,20,5,2
9201191,1,3,2,1,1,1,2,1,1,1,1,1,1,1,1,1,1,1,2,2,5,2,3,4,1,32,4,2
9201192,2,2,2,1,3,3,4,3,3,2,3,3,2,2,2,2,2,2,3,1,1,1,4,4,1,43,5,2
9201193,3,2,2,2,1,1,2,3,3,3,3,3,2,2,4,3,4,4,2,1,5,4,2,4,1,66,2,2
9201201,2,2,2,1,3,3,4,1,4,3,3,2,2,2,2,1,1,1,2,2,3,3,3,3,1,58,3,2
9201203,1,2,2,2,1,1,3,1,2,2,1,1,1,1,1,1,1,1,2,1,2,2,3,2,1,72,4,3
9201211,2,2,2,2,1,1,4,3,4,3,3,1,1,1,1,1,3,1,2,2,3,3,3,4,2,60,5,2
9201212,2,2,2,2,2,2,4,3,1,3,2,2,1,1,1,4,4,4,2,2,2,2,3,3,2,23,7,1
9201213,3,2,2,2,1,1,4,1,3,1,1,1,1,1,1,1,3,1,2,2,2,3,4,3,2,48,5,2
9201221,2,2,2,2,3,2,4,1,2,1,1,2,2,1,1,1,1,1,2,2,3,3,3,3,2,61,3,2
9201222,2,2,2,2,2,2,5,1,1,1,1,1,3,1,1,1,2,1,2,2,3,2,3,3,2,32,5,2
9201223,3,2,1,1,1,1,2,2,3,3,3,1,2,3,1,1,1,1,2,2,3,3,5,5,2,71,3,3
9201231,2,2,2,1,1,1,4,1,1,3,3,1,1,1,1,1,1,1,2,2,2,2,4,4,2,52,7,3
9201232,2,2,2,2,1,1,1,1,2,2,2,1,2,1,1,1,1,1,2,1,2,2,5,3,2,54,5,2
9201233,1,2,2,2,1,1,2,1,1,1,1,1,1,1,1,1,1,1,3,1,1,1,3,3,1,19,4,2
9201241,5,2,2,1,4,1,4,4,3,3,3,4,3,4,3,1,3,3,2,3,4,4,3,3,2,51,5,4
9201242,2,1,1,2,1,1,5,1,4,3,4,1,3,1,1,1,3,2,1,2,3,3,3,3,1,35,6,3
9201243,2,2,2,1,1,3,4,1,2,1,1,1,3,1,1,1,2,1,1,2,3,3,5,5,1,68,5,2
9201251,,,,,2,2,4,,2,,,3,,,,3,3,,2,1,2,2,4,3,2,69,2,1
9201252,1,2,2,1,1,1,2,1,1,1,1,1,1,1,1,1,1,1,1,1,2,2,5,5,1,35,4,3
10101011,2,2,3,3,3,3,2,3,2,3,3,1,,,,4,4,4,1,3,3,4,5,5,1,28,5,2
10101012,3,2,3,3,3,3,4,3,3,3,3,3,3,3,3,2,4,4,2,1,5,5,3,2,1,61,7,1
10101021,2,2,2,1,3,2,2,1,1,3,1,2,3,3,3,2,3,2,1,2,2,2,3,4,1,53,5,3
10101022,1,2,3,1,1,1,1,4,4,1,3,2,1,1,1,1,4,3,2,1,1,3,3,3,2,57,5,1
10101023,2,2,1,1,2,,4,3,3,,3,,,,1,3,2,3,2,1,1,3,3,3,1,75,3,3
10101031,1,2,2,1,1,1,4,3,4,3,3,4,3,1,1,4,4,1,1,2,3,4,5,4,2,48,5,2
10101032,1,2,2,1,1,1,3,1,1,1,1,1,1,1,1,1,3,1,2,1,1,5,5,5,1,70,3,6
10101033,1,2,2,1,1,1,3,3,1,1,1,1,1,1,1,3,3,3,1,1,1,1,2,2,2,58,5,3
10101041,1,2,3,1,3,3,4,3,3,3,2,3,1,1,1,1,3,2,1,2,2,3,4,5,2,34,5,1
10101042,2,2,2,3,2,2,3,3,3,3,2,2,2,2,2,2,2,2,2,2,1,2,5,3,1,22,8,3
10101043,1,2,2,1,1,1,1,1,1,1,1,1,1,1,1,1,5,1,2,1,1,4,4,4,1,48,2,2
10101052,1,2,2,3,2,1,3,4,2,3,2,1,1,1,1,4,4,4,2,2,2,4,5,5,2,29,8,2
10101053,1,2,2,1,1,1,3,4,3,3,1,2,1,1,1,4,5,3,1,1,2,3,1,5,1,30,5,3
10101061,2,2,2,3,2,2,4,4,3,4,3,1,3,2,2,4,4,4,2,2,2,3,5,5,2,34,7,3
10101062,3,2,3,2,3,1,3,4,3,2,1,2,2,1,1,3,2,3,1,2,3,4,4,4,2,43,5,2
10101063,3,3,3,3,3,2,3,3,3,4,3,3,2,2,2,3,3,3,1,3,2,3,4,3,2,36,9,4
10101071,4,2,3,2,2,1,4,3,4,1,2,1,2,3,2,4,4,4,1,2,2,3,4,3,2,31,7,2
10101073,3,3,3,3,3,1,3,1,3,2,1,3,3,3,3,4,3,3,1,1,2,5,4,5,2,60,4,2
10101081,3,2,2,1,1,1,4,3,5,3,3,3,1,1,1,3,3,3,2,1,1,3,4,4,2,64,9,2
10101082,4,3,2,2,1,1,3,3,3,1,1,3,1,1,1,1,3,2,2,1,3,3,5,5,2,41,7,4
10101083,2,2,3,3,2,1,2,2,3,3,3,2,2,2,3,3,3,3,2,2,2,5,4,4,2,35,5,1
10101091,4,2,2,3,3,1,3,2,2,3,4,3,2,2,1,1,3,2,1,1,1,4,4,4,2,47,3,2
10101092,1,2,2,1,1,1,4,1,1,1,1,1,1,2,1,4,1,1,1,2,1,4,5,2,2,36,2,1
10101093,2,2,2,3,3,3,3,3,4,3,3,3,1,3,3,3,3,3,2,3,3,4,5,4,1,22,8,3
10101101,1,3,2,3,2,2,4,3,3,3,3,1,1,1,1,3,3,3,1,1,3,1,5,5,2,28,8,1
10101102,1,2,2,1,1,1,1,3,1,1,1,1,2,1,1,1,1,1,2,1,3,1,5,4,2,73,4,2
10101103,2,2,2,1,1,1,4,4,1,3,1,1,1,1,1,3,3,3,1,1,2,4,4,4,1,27,6,1
10101121,3,2,2,2,4,1,3,1,3,1,3,5,1,3,1,,4,1,2,5,4,4,5,5,2,72,5,3
10101122,1,2,1,2,1,1,5,1,1,3,1,1,4,3,1,5,3,3,2,5,5,5,5,5,2,29,9,2
10101132,4,2,2,2,4,3,3,4,4,4,4,3,,,2,4,3,1,1,2,2,2,5,5,1,32,9,1
10101141,5,2,2,1,5,4,5,4,4,1,3,5,3,4,4,4,4,4,1,5,5,5,5,5,1,57,3,1
10101143,1,2,2,1,2,1,2,3,2,1,1,2,1,1,1,2,2,3,2,3,5,4,5,5,2,40,4,4
10101151,2,2,2,3,1,1,2,2,1,1,1,1,1,1,1,2,3,1,1,3,3,3,5,5,2,22,5,1
10101152,1,2,2,1,1,1,2,1,2,2,1,1,1,1,1,4,4,3,1,1,2,3,5,5,2,47,5,3
10101153,2,2,2,1,2,3,3,3,2,3,3,2,3,3,3,3,3,3,1,2,3,5,3,4,1,25,4,2
10101161,3,2,2,3,3,1,4,3,3,3,3,3,1,1,1,4,4,3,1,1,3,3,4,4,2,38,5,3
10101162,1,2,2,1,1,1,4,1,1,2,1,1,1,1,1,4,2,4,2,3,4,5,4,4,2,58,5,3
10101163,1,2,2,2,2,1,4,3,1,3,2,1,,,,3,4,2,2,1,1,4,4,4,1,56,5,2
10101171,1,2,2,1,2,1,4,2,1,3,1,2,2,2,2,3,4,4,2,5,5,4,4,3,1,26,9,2
10101181,3,2,2,3,3,1,4,2,2,3,3,2,2,2,2,3,3,3,1,1,1,3,5,5,2,35,3,1
10101182,1,3,2,1,1,1,2,3,1,1,1,1,1,1,1,3,3,1,1,1,1,1,5,5,2,39,5,1
10101183,1,2,2,1,1,1,2,1,2,1,1,1,1,1,1,1,2,1,1,1,1,4,4,4,1,26,5,2
10101191,1,2,2,1,1,1,3,3,3,3,1,1,2,1,1,4,4,4,1,3,5,5,4,3,2,28,9,2
10101192,2,2,2,1,2,1,2,2,2,2,2,1,2,2,2,3,4,3,2,1,3,3,4,3,2,42,2,1
10101193,1,2,2,2,1,1,5,4,5,2,3,3,2,3,2,1,4,3,1,1,1,2,5,5,2,18,4,1
10101201,3,2,2,1,1,1,2,2,1,1,1,1,1,2,1,2,2,2,2,3,5,5,5,5,2,36,3,2
10101202,1,3,2,1,1,1,4,1,1,1,1,1,1,1,1,3,1,1,2,1,1,1,5,3,2,61,3,
10101203,3,2,2,2,5,2,4,2,1,2,1,5,1,3,2,1,1,1,2,1,1,5,5,3,2,54,2,2
10101211,2,2,1,3,2,2,4,1,2,2,2,3,2,2,2,3,3,3,2,4,4,5,5,4,2,53,9,3
10101222,1,2,3,3,1,1,1,1,1,1,1,1,1,1,1,1,5,3,1,1,1,1,3,4,1,21,3,1
10101223,4,2,3,1,4,1,4,3,2,1,1,4,1,5,4,5,5,4,2,1,4,5,5,5,1,58,4,4
10101231,1,2,2,,1,1,3,1,2,1,5,1,1,1,1,1,1,4,2,1,1,1,5,3,1,54,2,1
10101232,2,2,2,1,2,1,3,3,1,1,1,1,1,1,1,1,3,1,2,1,3,3,5,5,1,59,4,1
10101233,3,2,1,1,3,2,3,3,2,2,2,3,2,2,2,2,4,4,1,2,4,4,5,5,1,41,3,1
10109022,1,2,2,2,1,1,2,1,1,2,1,1,1,2,1,4,4,2,2,5,4,4,5,3,2,55,9,6
10109023,3,2,2,2,2,1,4,1,1,1,3,3,2,2,1,1,3,2,2,1,1,3,4,4,2,65,1,1
10109032,1,2,2,1,1,1,2,2,2,1,3,1,1,1,1,4,4,4,1,1,2,4,5,4,2,22,6,2
10109033,2,2,2,2,2,2,4,3,3,2,3,3,2,2,2,3,3,2,1,3,3,5,5,5,2,39,2,2
11201012,2,2,2,1,2,2,3,2,2,2,2,2,,,,4,4,4,1,2,1,2,5,4,2,36,7,1
11201013,2,2,3,1,1,1,3,3,1,1,1,2,1,1,1,3,3,3,2,2,1,5,5,5,2,28,5,2
11201031,1,3,2,1,1,1,1,1,1,1,1,1,1,1,1,,1,,1,1,1,3,4,4,1,37,4,1
11201033,3,2,2,1,3,3,3,3,2,2,2,3,,,,2,2,1,2,3,3,5,4,3,2,48,3,2
11201041,1,2,3,1,1,1,5,3,2,3,2,1,1,1,1,4,4,,2,1,5,5,4,2,2,44,5,3
11201051,4,1,2,2,4,3,5,5,5,5,5,5,3,3,3,3,3,3,1,3,2,3,3,4,1,33,4,1
11201053,2,2,2,1,2,1,2,2,2,2,2,2,1,1,1,4,4,2,2,2,3,4,5,5,2,57,5,1
11201062,1,2,2,1,5,1,2,2,1,1,1,5,1,1,1,4,4,5,2,1,1,3,5,4,2,46,3,1
11201063,3,2,2,3,1,1,3,1,1,1,1,1,1,1,1,5,3,4,1,1,1,1,5,5,2,66,2,1
11201072,2,2,2,2,2,2,5,5,2,2,2,2,,,,5,5,,2,1,1,1,4,4,2,43,7,4
11201074,1,2,2,1,2,1,2,1,2,2,1,2,1,1,1,2,2,3,2,1,2,5,5,5,1,42,7,4
11201081,1,2,1,2,1,1,5,5,1,1,1,1,1,1,5,5,5,5,1,1,3,3,5,5,1,19,4,1
11201082,1,2,2,1,2,1,4,4,2,4,2,1,1,1,1,4,4,4,2,1,5,5,4,5,2,37,9,3
11201091,3,2,1,2,4,1,4,,1,2,3,4,,4,,3,3,3,2,,4,5,3,5,2,32,5,3
11201092,2,2,1,1,2,2,4,4,3,3,2,2,2,2,2,2,2,2,2,2,2,3,5,5,2,63,2,3
11201093,2,2,2,2,2,1,4,4,1,2,2,2,1,1,1,2,2,1,1,1,1,3,5,3,2,63,2,1
11201101,3,2,2,1,2,3,4,2,4,2,4,2,1,2,2,2,4,2,1,1,1,1,5,5,1,43,2,1
11201102,4,1,2,1,4,4,4,3,2,4,4,4,3,4,4,4,4,,2,4,3,5,5,4,1,58,8,5
11201103,4,2,2,2,3,2,4,2,4,2,2,4,2,2,2,2,2,2,2,3,3,5,3,4,1,43,9,1
11201111,1,2,2,2,1,1,4,4,4,4,1,1,1,1,1,,3,3,2,1,1,5,4,4,1,34,5,1
11201112,5,2,2,1,1,1,2,3,1,1,,3,1,1,1,2,1,2,2,1,1,5,5,4,2,64,2,1
11201113,2,2,3,3,1,1,3,5,2,2,2,3,1,1,2,2,5,5,1,2,4,5,4,5,2,27,7,1
11201114,2,2,2,3,2,1,3,3,2,2,2,2,1,1,1,1,3,1,1,1,1,3,5,5,1,35,5,1
13101025,2,2,3,2,1,1,3,4,3,3,1,3,1,1,1,4,4,3,2,2,3,2,4,2,2,40,9,1
13101034,5,2,2,1,4,1,4,4,4,2,4,5,1,1,1,1,1,3,1,2,2,2,3,5,1,27,7,1
13101035,3,3,2,2,3,3,4,4,1,1,1,4,2,2,2,3,2,2,2,3,4,2,4,5,1,53,9,3
13101044,3,2,2,1,3,2,3,2,2,3,2,1,2,3,1,2,3,3,2,2,2,3,5,4,1,30,9,1
13101045,1,2,2,1,1,1,4,1,1,2,1,1,2,1,1,1,1,1,2,1,3,3,4,4,1,56,7,3
13101051,2,1,1,2,3,2,3,1,2,3,2,3,2,1,1,3,4,3,2,3,4,5,4,5,1,33,7,3
13101052,3,2,2,1,3,2,5,3,3,4,4,3,1,1,1,3,3,3,2,3,3,4,4,4,1,30,8,4
13101053,3,1,1,2,3,3,5,1,5,2,4,2,4,2,1,2,3,2,2,5,3,5,4,5,1,32,6,2
13101054,3,2,2,2,3,3,3,3,3,3,3,3,1,3,3,3,4,3,2,3,2,2,3,5,1,48,3,2
13101055,2,1,2,1,2,2,3,2,2,3,2,3,2,2,2,3,3,1,1,2,2,3,5,3,2,35,7,1
13101061,3,2,2,1,1,2,2,1,2,2,2,2,2,2,2,2,2,1,2,2,2,5,5,5,2,35,7,3
13101062,1,2,1,2,3,1,4,3,1,3,3,3,2,3,3,3,3,1,2,1,1,3,5,1,2,60,4,2
13101063,1,2,2,1,3,2,4,3,3,3,3,3,1,1,1,1,1,2,1,1,2,5,2,5,1,30,7,1
13101066,2,2,2,1,3,3,5,3,4,4,3,3,3,3,3,2,5,5,1,2,3,3,5,3,1,36,5,1
13101067,2,2,2,1,1,1,3,1,1,1,1,1,1,1,1,5,5,5,1,1,1,5,4,4,2,31,7,1
13101071,2,2,2,1,2,2,3,1,2,3,3,2,3,3,3,3,3,3,2,3,3,4,5,3,1,53,7,3
13101072,2,1,1,2,2,2,3,1,1,1,3,4,1,1,1,1,1,1,2,4,3,3,4,4,2,33,9,3
13101074,3,2,2,2,2,2,4,4,2,2,2,2,1,2,2,4,3,3,2,5,4,5,4,2,1,30,5,3
13101075,1,1,2,2,2,2,4,4,2,2,1,1,1,3,1,1,1,1,2,2,2,4,5,4,1,38,7,1
13101077,3,3,2,1,4,2,2,2,2,3,2,4,1,1,1,,,,1,3,3,3,4,3,1,35,7,3
13101081,3,2,2,2,1,1,5,3,3,4,3,1,2,2,2,4,4,3,1,1,2,3,3,5,1,34,8,1
13101083,2,2,2,1,1,1,2,2,1,3,2,2,1,1,1,5,5,4,2,2,2,3,4,4,1,41,5,1
13101085,3,2,2,1,1,1,3,1,1,3,1,1,1,1,1,4,,,2,1,1,3,5,5,2,45,7,3
13101088,3,2,2,2,1,1,3,3,4,3,3,2,1,1,1,5,5,4,2,4,3,3,5,2,1,30,10,3
13101092,1,1,1,2,1,1,5,1,1,1,1,1,1,1,1,5,4,4,2,5,5,5,5,5,1,33,7,1
13101093,1,2,2,1,1,1,1,1,1,1,1,1,1,1,1,4,4,2,1,2,2,4,3,4,1,54,5,1
13101094,3,3,3,3,2,3,3,3,4,3,3,4,2,1,2,4,4,4,1,4,2,2,5,4,1,36,7,1
13101097,3,3,3,3,3,1,4,3,3,3,3,3,1,1,1,5,5,4,1,4,3,3,5,3,1,29,7,2
13101102,5,2,2,1,1,2,1,1,1,1,1,1,1,1,1,4,3,3,2,3,3,4,5,5,2,43,7,2
13101103,1,3,2,3,1,1,2,2,1,1,1,1,1,1,1,5,3,4,1,2,3,3,5,2,1,35,9,1
13101104,1,3,2,1,1,1,3,2,1,1,1,1,1,1,1,4,4,3,,3,3,5,5,3,2,51,5,1
13101105,1,2,2,1,1,1,3,1,1,1,1,1,1,1,1,3,3,3,1,2,1,4,5,4,2,32,8,1
13101106,1,2,2,1,1,1,2,3,1,1,1,3,1,2,2,4,4,4,2,4,2,5,5,3,2,65,7,3
13101107,2,2,2,2,1,1,2,1,2,1,1,3,1,2,2,4,5,4,1,4,4,4,4,5,2,63,7,4
13101108,1,3,3,3,1,1,1,1,1,1,1,1,1,2,2,5,4,4,1,2,2,3,5,5,1,40,9,2
13101111,,1,3,3,1,1,2,1,1,1,1,1,1,1,1,4,3,3,,2,2,2,4,4,1,30,5,1
13101112,1,2,1,2,3,3,3,3,3,3,2,1,1,1,1,3,,3,1,1,1,2,3,4,2,53,4,1
13101113,4,3,2,3,2,1,1,1,1,1,3,4,2,3,2,5,4,5,1,4,3,3,4,3,2,53,5,1
13101114,1,2,3,2,2,1,3,1,3,2,1,2,1,1,1,3,,3,1,1,1,3,5,5,1,33,5,1
13101115,3,2,2,1,3,1,3,1,1,2,2,1,1,1,1,4,,3,1,2,2,4,4,2,1,35,9,1
13101116,2,3,2,2,2,3,3,5,1,1,2,3,1,1,4,4,4,4,2,4,3,3,4,3,2,30,8,3
13101117,3,2,2,2,3,3,3,3,4,3,3,4,3,2,1,1,2,1,1,4,4,5,3,3,2,30,5,2
13101118,3,3,3,3,1,1,3,1,1,1,1,1,3,1,1,1,2,1,2,4,3,3,3,5,1,32,7,2
13101119,1,3,3,3,1,1,2,1,1,1,1,2,1,1,2,5,5,5,2,4,3,3,5,3,2,66,10,3
13101121,1,3,2,1,1,1,2,3,2,2,2,1,2,2,3,5,5,3,3,2,2,3,4,4,2,19,6,1
13101122,3,1,1,2,1,1,3,3,1,1,1,1,1,1,1,2,3,3,1,2,2,4,5,4,1,43,5,1
13101124,2,2,2,1,2,2,2,2,2,2,2,1,1,1,1,5,5,3,1,1,5,5,5,5,2,32,9,2
13101126,4,3,3,2,1,3,3,4,3,3,3,2,1,1,2,,4,3,1,3,3,2,3,5,1,28,7,2
13101127,3,1,1,2,4,2,4,1,3,3,3,3,3,2,1,1,3,2,2,5,3,4,3,4,1,66,5,1
13101133,2,2,2,1,1,1,3,3,2,3,1,3,1,3,1,3,3,3,1,1,3,3,4,3,1,21,6,2
13101134,3,2,2,1,3,3,4,5,3,3,2,2,2,1,3,4,4,3,2,3,3,3,4,4,2,26,7,2
13101135,1,2,2,1,2,1,2,2,1,1,1,1,1,1,2,4,4,2,2,1,3,4,4,4,2,36,7,2
13101141,1,2,2,2,2,1,4,3,2,2,2,2,2,3,1,1,2,4,2,1,1,1,4,2,2,46,3,3
13101143,2,2,2,1,2,1,2,2,1,1,1,1,1,2,1,1,1,1,2,2,1,4,5,4,2,54,2,2
13101145,2,1,1,1,1,1,2,2,2,1,3,3,1,4,4,1,2,1,1,2,1,2,1,5,2,24,8,2
13101148,3,2,2,1,1,1,2,1,1,1,1,1,1,1,1,2,3,2,2,1,1,3,5,5,2,27,6,1
13101149,3,2,1,3,3,3,4,4,2,3,3,4,3,3,3,,3,3,1,2,2,3,5,3,2,69,2,2
13101151,1,1,2,2,2,1,2,3,2,1,2,3,1,2,3,4,4,4,2,4,4,4,5,5,2,52,9,3
13101157,2,1,1,2,2,2,4,3,3,4,3,3,4,3,2,4,3,3,2,3,3,4,4,4,1,34,10,3
13101161,1,2,2,1,1,1,4,4,4,3,3,1,3,3,1,5,3,3,2,1,1,3,5,4,2,26,9,1
13102011,3,3,3,1,2,2,4,1,1,1,3,1,1,1,1,4,4,4,1,1,1,3,4,4,1,37,4,2
13102012,1,2,3,1,1,1,2,1,1,2,1,1,1,1,1,3,3,3,1,1,1,3,4,4,1,44,4,2
13102013,3,2,3,3,2,1,2,2,3,3,2,1,2,2,2,2,3,2,1,1,2,5,4,4,1,29,8,2
13102014,3,2,2,2,3,2,3,3,4,3,3,3,2,3,2,3,3,3,1,1,1,3,3,3,2,44,2,1
13102016,2,2,2,1,1,1,1,3,2,4,3,1,,,,,3,3,2,1,3,4,5,4,1,57,3,1
13102017,3,2,2,1,2,1,3,4,3,2,2,3,2,2,2,4,3,3,2,2,1,2,4,4,1,24,8,5
13102021,2,2,2,2,1,1,5,2,2,2,2,3,5,1,1,3,4,4,2,4,4,5,5,5,1,57,7,4
13102022,1,3,3,3,1,1,2,2,3,3,1,2,1,1,1,3,3,1,1,1,3,3,4,4,2,54,4,1
13102023,3,1,1,1,4,3,5,5,4,3,4,5,1,2,3,4,4,4,2,4,4,4,5,5,2,43,9,3
13102025,1,3,3,1,1,1,3,3,1,1,1,1,1,1,1,3,4,3,1,1,5,4,4,3,2,64,5,5
13102031,3,2,1,3,3,3,3,3,3,3,3,2,1,1,1,2,2,2,1,3,3,3,4,4,2,37,5,1
13102032,1,2,2,1,1,1,1,1,1,1,1,1,1,1,2,4,4,4,2,2,2,3,4,4,2,23,7,2
13102033,3,2,1,2,2,2,4,3,3,3,3,4,2,2,2,2,4,4,2,3,4,4,4,4,1,33,5,1
13102035,3,2,2,1,1,1,1,1,1,1,1,1,1,1,1,1,3,3,2,1,1,4,4,2,1,52,4,3
13102038,,2,2,1,2,2,2,2,2,2,2,2,,,,,3,1,2,1,1,1,5,5,2,51,2,1
13103011,3,2,2,1,2,2,3,1,3,1,2,3,2,2,3,3,4,2,2,3,1,4,5,5,1,35,4,2
13103014,1,2,2,1,1,1,1,1,1,1,1,1,1,2,1,3,4,1,2,1,1,1,5,5,2,25,5,3
13103015,3,2,2,1,2,2,3,3,2,3,2,1,2,2,2,2,4,3,1,1,3,1,4,5,1,34,4,2
13103021,2,2,2,1,2,1,2,,1,1,1,4,1,1,1,4,3,3,2,1,2,2,5,4,2,70,4,1
13103024,1,2,2,1,1,1,3,1,3,1,1,1,1,1,1,2,,1,2,1,1,3,4,4,2,48,2,1
13103041,1,2,2,1,1,1,3,1,3,3,1,1,3,1,1,3,4,4,2,1,1,1,3,5,1,32,6,1
13103043,1,2,2,1,1,1,1,1,1,1,1,1,1,2,1,1,1,1,1,1,1,1,5,5,2,46,2,3
13103044,1,2,2,1,1,1,1,3,1,1,1,1,1,1,2,3,5,3,2,1,1,3,5,1,1,38,5,1
13103045,3,2,2,1,4,2,4,3,2,2,2,4,1,3,1,3,3,1,2,4,5,5,4,5,2,65,7,4
13104011,2,2,2,2,2,1,3,2,2,3,4,3,1,1,1,1,1,2,1,1,4,4,5,1,1,41,5,1
13104012,1,2,2,,2,2,4,,2,2,2,2,2,1,1,2,,,2,1,3,4,5,5,2,65,5,3
13104013,3,2,2,1,4,1,5,4,1,1,1,4,2,2,1,5,3,1,1,1,2,3,4,3,2,70,3,4
13104014,4,2,2,1,2,2,4,,4,1,1,3,1,1,1,3,4,4,2,1,2,3,5,4,2,56,5,3
13104023,1,2,2,1,2,1,4,3,2,3,1,2,1,2,2,3,3,2,2,1,4,5,4,5,1,23,5,2
13104024,1,2,2,1,2,1,1,,1,1,1,5,1,2,5,5,5,1,2,2,5,4,3,1,2,63,5,2
13104025,,2,2,1,2,2,1,2,2,2,1,2,2,2,2,5,5,2,1,2,1,2,5,5,1,21,6,4
13104031,1,2,1,2,2,1,2,1,1,1,1,2,1,1,1,1,2,1,2,1,1,1,5,5,1,56,4,2
13104032,3,2,2,1,4,1,3,4,1,1,1,4,1,3,1,5,5,4,2,2,1,4,5,5,2,52,4,2
13104033,1,2,2,1,1,1,1,1,1,1,1,1,1,1,1,1,5,3,1,1,2,1,4,5,1,32,5,2
13104034,3,2,1,1,2,1,4,2,2,3,2,2,2,3,1,,4,2,2,1,2,5,4,4,2,65,4,2
13104035,1,2,2,2,1,1,3,1,1,3,1,1,1,1,1,3,3,3,1,1,1,1,4,4,1,31,7,1
13104041,1,2,2,2,1,1,5,1,2,5,1,2,1,1,1,5,4,4,2,5,5,5,5,5,1,37,9,1
13104042,3,2,2,1,3,3,3,4,3,3,3,3,3,2,3,4,5,3,2,3,3,3,5,3,2,43,8,2
13104043,1,2,2,2,1,1,3,1,1,1,1,1,1,3,2,3,2,3,2,5,4,4,5,5,1,64,7,5
13104044,3,1,2,2,1,1,3,1,1,2,1,1,1,1,1,1,5,1,2,1,1,3,5,4,2,42,5,3
13105011,1,2,2,1,1,1,3,1,2,1,1,1,1,1,1,1,1,1,2,1,3,3,4,4,1,74,4,3
13105013,2,2,2,1,2,1,4,3,1,3,1,1,2,2,2,4,4,4,2,1,3,4,5,5,2,27,9,3
13105015,1,2,2,1,2,1,3,1,1,3,2,1,1,1,1,1,1,1,2,2,3,5,5,5,2,52,5,3
13105016,1,2,3,1,1,1,4,3,1,2,1,1,2,1,1,4,3,2,2,2,4,5,5,3,2,32,9,3
13105017,2,3,2,3,3,1,4,3,4,2,2,2,,,,1,4,3,2,1,1,5,5,5,2,51,5,1
13105022,1,2,2,1,1,1,2,1,1,1,1,1,1,1,1,4,4,1,2,1,1,5,5,5,2,75,5,1
13105023,3,2,2,2,3,2,3,3,1,2,1,4,1,2,2,4,3,3,1,2,1,3,5,5,2,57,4,1
13105025,4,2,1,1,1,1,2,1,2,4,1,1,3,1,1,2,3,2,2,4,4,5,4,5,1,57,5,2
13105026,1,2,2,1,1,1,4,4,1,4,2,1,1,1,1,1,3,2,2,1,4,4,5,4,1,32,5,2
13105027,1,2,2,1,1,1,1,1,1,1,1,1,1,1,1,1,3,3,2,4,4,4,4,2,1,60,5,3
13105031,2,2,1,1,5,1,5,3,1,1,2,3,1,2,5,5,5,2,2,1,2,5,5,5,2,56,2,4
13105032,5,,2,1,1,1,2,,1,1,1,1,1,2,1,4,3,5,2,1,2,5,4,4,2,61,2,4
13105033,3,2,2,1,3,2,2,4,2,3,3,4,2,3,2,3,4,3,2,3,2,3,5,4,2,64,2,2
13105036,3,2,3,1,2,1,2,2,1,2,2,2,2,2,2,2,3,2,2,1,1,5,5,5,2,55,2,1
13105037,1,2,2,2,3,1,4,1,1,1,1,3,1,1,1,3,4,3,1,1,3,4,4,4,1,44,3,3
13105042,2,2,2,1,1,1,3,2,2,2,2,2,2,2,2,4,4,4,2,4,4,4,5,5,2,59,8,4
13105043,1,2,2,1,1,1,2,2,1,1,2,2,1,1,2,4,4,3,3,5,5,5,4,2,2,18,4,3
13105044,1,2,2,1,1,1,2,1,1,3,1,1,1,1,1,3,3,1,1,1,3,4,2,2,2,53,3,1
13105045,2,2,2,3,1,1,2,1,1,2,3,1,1,1,1,2,2,2,2,2,1,2,4,5,2,35,5,1
13106011,1,2,2,2,1,1,3,1,1,3,1,1,1,1,1,2,5,1,2,1,1,1,4,3,1,65,5,3
13106012,1,2,2,1,1,1,5,1,1,2,1,1,3,1,1,4,3,3,1,1,1,1,5,3,2,65,4,1
13106014,3,2,3,2,3,1,5,4,1,2,1,2,,,,5,5,5,2,2,2,2,4,4,2,23,8,3
13106015,4,2,1,1,5,3,5,4,4,4,5,5,4,4,3,1,4,4,2,3,3,5,5,5,1,70,5,1
13106017,1,2,2,1,2,2,2,2,2,2,2,1,,,1,3,3,3,2,3,5,5,5,5,1,31,9,3
13106018,4,2,2,1,1,1,3,,1,1,1,3,1,1,1,4,1,,2,1,1,1,5,4,2,63,4,3
13106022,1,2,2,1,2,1,2,2,2,2,1,2,1,1,1,2,2,2,2,1,2,3,4,4,2,58,2,1
13106023,1,2,2,1,3,1,4,4,1,1,1,5,1,1,1,3,5,4,1,1,1,1,5,5,1,67,3,3
13106024,2,2,2,1,1,1,3,1,1,1,1,1,1,1,1,4,4,3,2,1,3,5,3,4,2,51,5,3
13106027,2,2,3,2,3,2,4,,4,3,2,3,3,3,,4,3,3,2,1,1,3,5,5,2,55,5,1
13106028,2,2,2,1,2,2,4,3,1,2,1,1,1,3,2,1,2,3,2,2,3,4,5,4,2,65,3,1
13106033,3,2,2,1,3,1,4,3,2,3,3,3,1,1,1,4,4,4,1,1,2,3,5,5,2,48,5,2
13106036,3,2,2,3,2,2,2,,2,2,2,2,1,1,1,2,,,1,1,3,3,5,4,1,23,9,3
13106044,2,2,2,2,2,2,3,3,2,3,3,2,2,3,2,1,,4,1,3,5,5,5,5,1,27,8,1
13106046,1,2,3,1,3,3,4,3,3,2,3,2,2,3,1,3,3,2,2,2,1,3,3,4,2,53,7,3
13106048,4,2,1,1,3,2,3,1,2,1,3,2,1,1,1,1,1,5,1,1,3,5,5,5,2,40,6,2
13106049,3,2,2,1,3,1,4,1,3,3,2,4,1,3,1,3,3,3,2,2,4,5,5,5,1,56,7,2
13107012,1,1,2,1,1,1,4,1,1,1,1,1,1,1,1,5,4,1,2,1,1,1,5,3,2,36,5,3
13107013,1,2,1,2,1,1,4,2,2,3,2,1,1,1,1,2,3,3,1,1,1,1,5,5,2,36,5,1
13107014,1,3,2,1,1,1,3,3,3,3,3,1,3,1,1,4,3,3,2,3,3,4,4,3,1,68,6,3
13107015,1,1,2,1,1,1,3,1,1,4,1,1,1,1,1,5,5,5,1,1,1,1,5,4,2,31,5,3
13107016,4,2,3,2,3,2,4,3,3,3,2,3,3,2,2,3,,4,3,4,5,4,5,5,2,74,5,3
13107017,3,2,2,1,2,2,4,2,2,2,1,2,2,2,2,3,3,3,2,2,4,4,5,3,1,71,5,1
13107022,3,2,2,1,3,3,3,2,3,3,3,3,2,2,2,3,3,3,2,3,3,4,4,4,1,43,9,2
13107023,2,2,2,1,2,1,5,1,1,4,1,1,2,2,1,4,4,4,2,1,3,5,5,5,2,60,7,4
13107024,2,2,2,1,2,3,2,3,2,1,2,2,1,1,2,3,3,3,2,4,5,5,5,5,1,21,8,4
13107025,2,2,2,1,3,1,4,1,4,4,1,,1,1,1,4,2,3,2,1,3,3,5,5,2,61,4,4
13107031,1,2,2,1,1,1,4,2,1,1,1,1,1,2,3,1,5,2,2,4,5,5,5,1,1,26,9,5
13107032,1,2,3,1,1,1,1,1,2,1,1,2,2,2,2,4,3,3,1,1,1,2,5,3,2,42,5,1
13107033,2,2,2,2,1,1,3,3,3,3,1,1,1,1,1,1,3,2,1,2,4,4,5,5,2,34,9,4
13107034,2,2,2,1,1,1,5,4,1,3,1,1,2,1,1,,3,1,2,1,3,2,5,3,1,33,8,1
13107035,1,2,2,1,1,1,4,1,1,2,1,1,1,1,1,1,1,,2,3,5,5,5,4,2,59,4,2
13107036,1,2,2,1,1,1,4,1,1,3,1,1,1,1,1,4,,,2,1,2,4,3,2,1,54,5,3
13107037,1,2,2,2,1,1,3,3,1,3,1,1,1,2,1,3,4,1,2,1,1,3,5,5,1,28,7,2
13108012,2,2,2,1,2,2,2,2,3,3,3,3,3,3,3,3,3,3,1,1,1,1,5,1,2,49,4,1
13108013,3,2,2,1,3,2,3,3,3,3,4,3,3,3,4,3,3,3,1,3,3,3,3,3,1,59,8,2
13108014,1,2,2,1,2,1,1,1,3,1,1,4,1,1,1,2,1,2,1,1,1,1,5,3,2,52,5,1
13108021,,1,1,2,2,2,3,3,3,2,3,4,3,3,1,4,4,1,2,2,2,5,5,3,2,50,4,2
13108023,4,2,2,1,4,4,4,1,4,3,3,5,1,3,4,4,1,1,2,4,5,5,5,5,1,66,4,1
13108024,1,2,3,3,1,1,1,1,1,1,1,1,1,1,1,4,4,2,1,1,4,5,5,2,1,44,9,1
13108025,,3,3,3,1,1,3,4,1,3,1,1,1,1,1,3,3,,1,1,1,1,4,3,2,24,7,4
13108031,1,2,2,1,2,2,2,2,1,1,2,2,2,2,1,2,1,2,1,5,4,4,5,3,1,18,5,4
13108033,,2,2,1,2,1,3,1,1,1,1,1,2,1,1,4,3,2,2,1,1,1,5,2,2,28,5,1
13108035,1,2,2,1,3,1,4,1,3,3,1,1,1,1,1,4,4,3,1,1,4,4,5,5,1,42,5,1
13108036,3,2,2,1,3,1,2,2,2,1,3,4,1,1,1,2,,4,1,3,3,3,3,5,2,27,8,1
13108037,2,2,2,1,2,2,1,2,2,3,3,3,1,2,2,3,,3,1,1,2,5,3,4,2,35,5,3
13109011,1,2,2,1,3,1,3,2,1,1,1,2,1,1,3,4,4,3,2,4,5,4,5,3,2,38,9,3
13109013,1,2,2,1,1,1,1,1,1,1,1,1,1,1,1,4,4,4,1,1,3,1,5,5,1,56,5,2
13109017,1,2,2,2,1,1,1,2,2,1,1,1,1,1,1,4,4,4,1,1,5,5,4,4,1,55,10,4
13109018,2,2,2,1,2,2,4,3,2,2,3,5,2,,3,3,4,2,1,3,3,3,5,5,1,36,7,1
13109022,1,2,2,1,1,1,5,4,2,4,1,1,2,2,3,5,5,4,2,2,3,4,5,3,1,30,9,3
13109023,2,2,2,1,2,1,1,2,3,3,1,1,2,2,2,3,3,2,1,3,3,3,4,4,2,21,5,2
13109024,4,2,2,1,2,1,3,3,1,1,1,4,1,1,3,3,4,3,2,1,2,3,5,2,2,68,7,1
13109032,3,2,2,1,1,1,3,1,1,2,1,2,2,2,1,3,3,3,2,1,1,3,4,4,2,66,5,2
13109034,1,2,2,1,2,1,2,4,4,2,1,2,1,1,1,1,4,2,1,1,1,2,5,4,1,31,9,2
13109036,1,2,2,1,1,1,5,1,1,1,1,1,1,1,1,4,1,4,1,1,2,4,4,3,2,47,5,1
13110011,2,2,2,1,1,1,4,1,2,1,1,2,1,1,1,2,1,1,2,1,2,1,4,3,2,75,2,1
13110012,2,2,2,1,3,1,4,3,4,3,1,3,1,3,1,3,2,2,2,1,1,3,4,4,1,40,5,1
13110014,1,2,2,1,1,1,1,1,1,1,1,1,1,1,1,4,4,4,2,1,5,5,5,2,2,60,5,2
13110015,2,2,1,2,1,1,3,1,3,1,1,1,1,2,2,1,3,2,1,1,3,2,4,3,2,52,5,2
13110016,3,2,2,2,2,1,3,3,2,3,2,4,2,2,3,3,2,3,2,2,3,3,2,4,2,72,5,3
13110022,2,2,2,1,1,1,3,2,1,1,1,1,1,1,1,3,3,1,2,3,3,5,5,4,2,72,7,3
13110023,1,1,2,1,1,1,1,3,1,3,1,1,1,1,1,4,4,4,2,2,3,3,4,4,2,55,9,5
13110027,1,2,2,1,3,3,4,1,1,3,1,4,1,3,1,,,,2,1,4,4,5,3,1,36,8,4
13110034,3,2,2,2,1,1,4,2,1,1,1,1,1,1,3,3,5,3,2,4,4,4,4,4,2,46,7,2
13110041,2,2,2,2,2,2,5,3,2,3,2,2,2,2,2,4,3,3,2,3,4,4,5,5,2,34,9,3
13110047,2,2,2,1,2,1,5,2,1,2,1,2,2,2,2,5,5,4,2,2,2,4,5,5,2,30,9,3
13110051,2,2,2,2,2,2,3,2,3,3,2,2,2,2,2,3,3,3,1,1,2,2,3,4,2,34,7,2
13110052,1,2,2,1,2,1,3,2,2,2,2,2,1,2,1,3,4,3,2,1,3,4,4,3,2,33,8,3
13110053,3,2,2,1,1,1,3,3,1,1,3,1,1,1,1,4,3,2,1,1,1,3,3,3,2,54,5,2
13110057,3,2,1,2,2,1,3,2,2,3,2,1,1,1,1,3,3,3,2,1,3,2,3,5,1,30,9,3
13110061,3,2,2,2,1,1,4,1,1,1,1,1,1,1,1,5,5,3,1,1,1,1,5,3,2,55,5,1
13110063,1,2,2,1,1,3,2,1,1,2,1,1,1,1,4,4,5,3,1,1,1,5,5,5,1,32,7,1
13110065,2,2,2,1,2,1,5,3,1,,2,2,2,2,2,3,2,2,2,1,1,1,5,3,2,65,5,1
13110071,5,2,2,1,1,1,3,1,1,3,1,1,1,1,1,4,3,4,2,1,3,3,3,4,2,27,8,3
13110073,1,1,1,2,3,2,3,2,3,1,2,3,1,3,3,3,3,2,1,1,2,2,5,5,1,58,7,1
13110074,2,2,2,1,1,1,3,1,1,1,1,1,1,1,1,4,4,,2,1,4,4,5,4,2,60,7,3
13110075,2,2,2,2,2,1,4,4,1,3,1,2,4,3,2,4,4,4,2,1,1,3,5,4,2,46,7,3
13110076,2,3,2,,3,2,4,4,2,3,3,3,3,3,2,5,4,4,3,4,3,3,5,5,2,18,5,3
13110077,1,2,2,3,2,1,3,3,1,2,2,1,3,2,1,3,3,2,1,1,3,3,4,4,2,56,7,3
13110083,2,2,2,1,1,1,4,3,3,1,1,3,1,1,1,3,4,2,1,3,3,3,3,4,2,32,8,3
13110084,3,2,1,2,3,3,3,3,3,3,3,4,3,3,3,5,4,5,2,1,1,3,2,4,2,40,3,1
13110085,2,1,2,1,2,1,5,,1,1,1,2,,,,2,2,1,2,1,1,1,4,5,2,47,5,4
13110087,1,3,2,1,1,1,3,4,1,3,1,1,3,1,1,1,5,1,2,3,3,4,5,5,2,30,7,1
13110091,1,2,2,1,1,1,1,1,1,1,1,1,1,1,1,4,4,4,2,1,2,3,3,4,2,44,4,3
13110092,3,1,2,1,3,1,4,2,2,3,2,3,1,3,3,4,4,4,2,3,3,3,4,4,2,45,9,4
13110093,3,2,2,2,2,1,4,1,,1,2,2,,,2,3,,,2,1,1,1,5,3,2,72,4,3
13110094,5,2,3,3,3,1,4,,3,1,3,3,1,1,1,4,,,2,2,1,5,5,4,2,65,4,3
13110095,2,2,2,1,1,1,3,2,1,1,1,1,1,1,1,4,3,4,2,1,1,2,4,3,2,36,4,3
13110101,1,2,2,3,1,1,2,3,3,2,1,1,1,2,3,3,3,3,1,5,4,3,5,5,1,60,10,5
13110103,2,2,2,1,3,2,2,2,1,2,2,3,2,2,2,3,2,2,2,3,3,3,5,2,2,56,7,2
13110104,1,2,2,2,1,1,1,2,2,2,1,2,1,1,1,3,4,4,1,1,3,3,2,5,1,30,9,5
13110106,3,2,2,1,3,1,3,3,3,1,2,3,1,1,1,,1,1,2,2,2,4,5,5,2,42,6,3
13110111,1,2,2,1,1,1,3,1,3,3,1,1,1,1,1,4,3,3,1,1,3,3,3,4,2,40,7,4
13110114,2,2,2,2,1,1,3,1,1,1,1,1,1,1,1,3,3,3,2,1,1,1,4,4,2,56,5,3
13110116,3,1,1,2,2,2,4,4,3,3,2,3,3,3,3,4,4,4,2,4,3,3,4,5,1,27,8,5
13110117,2,2,2,1,2,2,3,2,2,3,2,2,2,2,2,3,4,3,1,1,1,2,4,4,1,28,8,3
13110123,4,3,2,1,1,1,1,1,1,1,1,1,1,1,1,5,5,5,1,1,1,5,4,5,1,32,7,1
13111011,2,2,2,1,1,1,2,1,3,3,3,1,1,1,1,2,2,2,1,2,3,4,4,4,2,21,8,3
13111013,3,2,1,2,3,3,4,4,2,3,3,1,3,3,2,2,4,2,2,2,2,4,5,2,2,58,3,3
13111014,1,2,2,1,1,1,2,1,1,1,1,1,1,1,1,1,4,1,2,1,2,5,4,3,1,65,3,2
13111015,,2,2,1,1,1,2,1,2,1,1,1,1,1,1,2,2,2,2,1,1,4,5,4,2,33,2,2
13111016,1,2,1,1,1,1,1,1,1,1,1,1,3,2,2,2,2,1,1,1,1,4,3,3,1,37,5,2
13111021,,2,1,1,1,1,2,1,1,1,1,3,1,1,1,4,4,3,2,1,1,4,4,4,2,63,5,1
13111022,2,2,2,1,2,1,2,4,1,2,1,4,1,2,1,5,5,2,2,1,5,5,5,5,2,47,2,2
13111023,1,1,1,1,2,2,4,4,1,1,2,2,2,3,2,3,5,5,2,5,5,5,4,4,1,60,2,1
13111024,1,2,2,2,3,1,3,3,3,3,3,3,1,1,1,1,3,3,2,1,1,1,5,2,1,60,2,3
13111026,1,2,2,1,1,1,2,1,3,2,2,3,1,1,1,2,2,1,1,1,1,1,5,5,2,36,2,1
13111034,4,2,2,1,3,1,3,1,3,3,3,3,1,2,2,2,2,3,2,1,1,1,4,4,1,60,5,2
13111036,1,2,3,1,1,1,2,1,1,1,1,1,1,1,1,1,2,2,2,1,2,3,5,3,2,54,5,2
13111037,1,2,2,1,2,1,4,1,1,4,2,1,2,1,1,4,4,,2,4,3,5,5,4,2,25,9,4
13112011,1,2,2,1,3,2,1,3,3,3,3,1,1,1,1,4,4,3,1,3,3,3,4,5,2,18,4,3
13112012,5,2,2,1,4,1,3,1,2,1,1,5,1,1,1,3,3,3,2,1,5,5,5,3,2,56,5,3
13112014,3,2,2,1,1,1,3,1,1,1,1,2,1,1,1,1,3,3,2,1,1,5,5,4,1,67,2,3
13112015,1,2,1,1,1,1,3,2,1,4,3,3,1,1,1,3,4,3,1,2,3,3,4,3,2,22,6,1
13112021,4,3,2,2,1,1,3,3,2,3,3,4,1,1,1,4,4,,1,1,2,4,5,5,2,35,5,3
13112022,3,2,2,1,3,3,2,3,3,3,3,3,2,2,2,3,3,3,2,1,3,5,5,5,2,49,2,1
13112023,2,2,2,1,3,2,4,2,1,2,2,3,1,1,1,3,3,3,1,2,2,4,5,2,1,44,9,2
13112024,1,2,3,1,2,1,3,3,2,2,1,1,2,2,2,3,4,2,2,2,2,5,4,4,2,49,4,2
13112025,4,2,3,2,4,1,2,1,1,3,3,4,1,1,3,,2,1,1,3,4,4,1,5,1,74,2,1
13112027,1,2,2,1,1,1,1,1,1,1,1,1,1,1,1,1,1,1,1,1,1,1,4,3,1,58,7,2
13112032,3,2,2,1,1,1,3,3,1,1,1,4,1,3,1,,3,3,2,1,1,1,4,5,2,68,4,3
13112033,1,2,2,1,2,1,4,4,1,2,1,3,1,1,1,4,4,4,1,1,1,1,4,4,2,40,4,3
13112034,1,2,2,1,1,3,4,1,3,3,2,3,1,3,2,4,4,2,2,1,2,2,4,4,2,53,4,2
13112035,2,2,1,1,1,1,1,1,1,1,1,1,1,1,1,1,1,1,2,1,1,1,4,4,2,39,7,3
13112036,3,2,1,2,3,1,4,4,2,3,1,2,1,1,1,1,4,4,1,1,2,3,4,1,1,59,3,1
13112037,2,2,2,1,2,2,1,4,1,1,1,2,1,1,3,5,5,4,2,4,5,4,5,5,2,21,6,2
13112041,3,2,2,1,2,1,4,3,2,3,1,3,2,1,1,3,4,3,2,3,4,5,5,5,2,30,7,2
13112042,2,2,3,2,2,2,3,3,3,3,3,2,2,2,2,3,3,3,1,2,5,5,5,5,2,33,5,1
13112043,4,2,1,2,1,1,1,1,1,1,1,3,1,1,1,2,3,1,2,1,1,3,3,4,1,19,7,1
13112044,2,2,2,1,1,1,1,1,3,4,4,1,1,1,1,2,4,4,2,1,1,3,5,4,1,67,4,1
13112046,1,2,3,3,1,1,1,2,3,3,1,1,1,1,1,4,4,4,1,1,3,3,4,4,2,26,7,3
13112047,1,2,2,1,1,1,2,3,1,1,1,1,1,1,1,3,4,3,1,5,5,5,5,4,1,37,9,3
13112052,4,2,2,1,1,1,3,,4,1,1,1,1,1,1,1,1,1,2,1,1,4,3,5,2,47,3,1
13112053,4,2,2,1,3,2,2,2,2,2,2,3,1,2,2,3,3,3,2,2,4,5,4,5,1,66,3,2
13112054,5,2,1,1,4,2,3,,1,1,1,5,1,1,2,4,4,2,2,2,4,3,5,5,2,43,5,3
13112055,4,2,2,1,2,1,2,,2,2,2,4,1,1,1,1,2,1,2,2,4,5,4,5,2,65,2,3
13112056,2,2,2,1,3,1,5,1,1,1,1,1,1,1,1,,5,2,2,1,1,1,5,4,2,74,4,2
13112061,5,3,2,3,4,3,4,,3,3,,3,,,,4,,3,1,1,1,1,4,4,2,55,2,1
13112062,3,2,2,1,1,1,1,1,1,1,1,1,1,1,1,1,4,4,2,1,1,3,5,3,1,67,2,1
13112063,1,1,1,2,1,1,5,5,5,5,1,1,2,1,1,4,5,5,1,2,2,5,5,5,1,52,5,3
13112064,2,2,2,3,3,3,4,3,4,2,3,3,1,1,3,5,5,4,1,2,2,3,4,5,2,20,7,3
13112065,1,2,1,1,2,1,4,4,1,2,2,4,1,1,1,2,4,2,1,1,1,5,5,5,1,34,4,3
13112067,1,2,2,1,1,1,1,1,1,1,1,1,1,1,1,4,4,4,1,1,4,3,4,5,1,18,4,3
13113011,1,2,2,3,2,1,4,2,3,3,2,2,2,2,2,4,4,4,2,4,3,5,5,5,1,65,9,5
13113013,4,2,1,2,4,2,4,3,3,3,3,3,2,3,2,2,3,4,2,3,3,3,3,4,1,63,10,4
13113015,1,3,3,3,3,2,3,4,3,3,3,2,1,1,1,3,4,4,2,4,4,4,4,4,2,46,7,3
13113018,3,2,2,1,2,1,5,2,1,4,3,2,1,1,1,4,4,4,2,1,2,4,4,5,2,75,7,1
13113032,2,2,1,2,3,1,4,2,1,3,1,3,1,1,1,3,,3,2,1,1,3,5,5,2,39,6,2
13113034,3,2,2,1,2,2,5,3,3,3,2,3,1,1,1,4,4,2,1,1,1,5,4,5,2,20,5,2
13113036,3,3,3,3,3,3,4,3,3,3,3,3,2,2,2,2,3,3,2,2,2,2,4,5,2,43,3,2
13113037,3,3,3,3,4,3,5,3,3,3,3,3,2,2,2,3,2,2,2,3,3,3,4,5,1,47,3,1
13113038,4,,3,3,5,5,5,5,5,5,5,5,1,4,4,4,4,3,2,3,1,1,5,5,1,50,5,2
13114021,4,1,2,2,2,1,5,3,3,3,2,2,2,2,2,4,4,4,2,2,3,4,5,5,2,45,9,5
13114023,3,2,2,2,1,1,4,2,1,2,2,1,2,2,2,4,3,2,2,2,3,3,4,3,2,25,9,4
13114024,3,2,2,2,2,2,2,2,2,2,2,2,2,2,2,3,3,3,1,1,1,1,4,4,1,32,9,3
13114042,2,2,2,1,2,1,3,3,2,2,2,1,1,1,1,3,3,3,2,2,3,3,4,4,2,22,8,4
13114043,2,2,2,2,1,1,4,1,1,2,1,1,1,1,1,1,2,2,1,1,3,3,5,5,1,72,10,3
13114044,2,2,2,1,1,1,4,1,1,3,1,1,3,1,1,1,2,3,2,2,2,3,5,4,2,73,9,4
13114051,2,2,2,1,1,1,2,2,2,2,2,3,1,1,1,3,3,3,2,1,2,2,4,4,2,70,5,2
13114058,2,2,2,1,2,1,2,3,1,1,2,3,1,2,3,5,5,5,2,5,5,5,5,5,2,38,8,3
13114061,2,3,2,1,2,1,2,3,2,1,2,2,1,1,1,3,3,3,2,3,3,3,4,4,1,24,8,3
13114072,4,2,2,1,2,2,4,1,2,,1,2,2,2,1,2,2,3,2,4,5,4,5,5,1,78,10,3
13114081,3,2,2,1,1,3,4,2,2,3,2,1,1,3,3,3,3,4,2,3,3,3,3,3,2,35,9,3
13114082,2,2,2,1,1,1,4,1,2,2,2,1,1,1,1,4,3,3,2,2,4,4,4,4,2,51,9,3
13114111,2,2,2,3,2,2,3,2,2,2,2,2,3,2,2,3,2,3,2,2,3,3,4,4,2,50,9,3
13114113,2,3,2,3,2,2,4,1,2,3,2,2,3,3,1,4,2,2,2,2,3,3,4,4,2,41,9,4
13114114,2,2,2,1,2,1,4,1,2,2,2,2,1,1,1,4,4,2,2,4,4,4,5,4,1,68,10,3
13115022,2,1,3,2,2,1,4,1,3,3,3,2,3,2,1,,4,3,2,5,5,5,5,5,2,51,9,4
13115033,1,2,2,1,1,1,2,1,3,4,3,1,3,3,1,4,4,4,2,3,5,5,4,4,2,38,9,4
13115034,1,2,2,3,1,1,4,1,1,4,1,1,4,2,1,5,5,2,2,1,3,5,5,4,1,50,10,5
13115035,5,2,1,1,2,3,4,2,3,5,3,2,4,3,1,4,2,3,1,4,3,5,3,5,2,40,10,4
13116012,3,1,1,2,2,1,3,2,1,1,1,2,1,1,1,1,1,1,2,1,3,4,5,3,2,60,4,2
13116013,2,3,2,2,1,1,2,3,1,1,1,2,1,1,1,1,1,1,1,1,3,3,5,3,2,44,4,3
13116014,3,1,2,2,1,1,3,2,1,1,1,2,1,1,1,1,5,3,2,1,2,3,3,5,2,38,4,3
13116015,3,2,2,2,3,2,4,2,2,1,1,4,1,2,3,4,4,3,2,3,3,3,4,5,2,47,4,3
13116018,2,2,2,1,2,1,3,1,1,2,1,3,1,1,1,3,5,5,1,1,3,3,4,5,2,34,5,2
13116021,5,2,1,2,3,1,3,3,3,3,1,4,1,1,2,3,4,2,2,2,3,4,3,4,2,66,2,3
13116024,4,3,2,1,2,1,3,1,2,2,1,3,1,1,1,2,2,1,1,1,1,3,4,4,2,32,3,2
13116025,1,2,1,1,1,1,1,4,1,1,1,1,1,1,1,1,3,2,1,1,2,3,4,4,2,62,2,1
13116026,2,2,2,2,2,2,3,3,2,2,2,2,2,2,2,2,3,2,1,1,3,4,1,4,1,24,5,2
13116031,4,3,1,2,5,1,3,3,1,3,1,5,1,1,3,3,4,3,2,1,3,3,5,3,1,73,4,1
13117012,1,2,2,1,1,2,3,1,1,1,1,1,1,1,1,1,1,1,2,1,1,2,4,5,2,23,8,2
13117013,1,2,2,1,1,1,1,1,1,1,1,1,1,1,3,4,3,3,1,1,3,3,4,3,1,37,5,1
13117014,1,2,2,1,1,1,3,1,1,3,1,1,1,1,1,3,5,5,1,1,3,5,4,5,1,46,5,1
13117015,1,2,2,3,1,1,4,1,1,1,1,1,1,1,1,4,4,2,2,1,3,5,3,3,2,37,5,3
13117017,1,2,2,1,1,1,2,1,1,1,1,1,1,1,1,1,4,1,2,1,2,3,5,5,2,28,9,3
13117022,1,2,2,1,1,1,4,4,2,3,1,1,3,1,1,4,4,4,1,1,1,2,5,4,2,60,5,2
13117031,1,2,2,1,1,1,1,1,2,2,1,1,2,2,1,3,3,1,2,1,1,1,5,5,1,24,5,2
13117036,5,3,2,2,5,2,5,4,1,4,1,5,1,4,5,2,4,4,2,5,4,5,4,5,1,66,7,4
13117037,5,2,2,2,3,1,4,,4,1,1,4,,,,2,4,5,1,1,3,2,5,5,1,38,5,1
13118011,3,1,2,2,3,2,4,4,4,4,3,3,,,,4,5,4,2,1,3,5,5,5,1,40,8,3
13118016,3,2,,3,3,1,4,3,3,2,2,4,2,2,2,,,,2,2,2,2,4,4,1,59,2,1
13118017,1,2,2,1,1,1,1,1,1,1,1,1,1,1,1,1,1,1,2,1,1,1,5,3,2,45,5,2
13118021,1,3,3,3,1,1,1,1,1,1,1,1,1,1,1,1,1,1,2,1,5,5,5,5,1,63,2,2
13118022,3,3,2,1,3,1,3,4,1,3,3,2,,,,4,4,4,2,1,2,3,4,4,2,60,5,1
13118023,3,3,2,1,2,1,3,4,5,2,,5,2,1,2,,3,2,2,3,3,3,4,5,2,61,5,1
13118024,2,2,2,3,2,1,3,3,3,2,2,3,2,2,2,,,,1,1,1,1,3,4,2,25,2,1
13118025,3,2,1,2,2,1,4,4,2,4,2,1,3,2,1,4,4,4,1,1,1,5,4,4,2,73,4,1
13118026,2,2,2,1,1,2,4,3,4,1,2,1,1,1,2,3,2,2,1,2,2,2,4,2,2,27,8,3
13118027,2,2,2,1,2,2,4,3,3,2,2,3,1,1,1,1,3,3,2,2,3,3,4,4,2,75,2,1
13118031,3,1,2,2,3,2,4,5,3,2,3,4,1,3,4,5,5,5,2,5,5,5,5,5,1,48,9,4
13118032,2,2,2,1,3,1,2,1,1,2,1,1,1,1,1,2,3,2,2,1,2,2,4,2,2,67,8,2
13118033,1,2,2,1,1,2,5,1,1,3,1,4,5,2,1,2,2,2,2,5,5,5,5,4,2,41,9,4
13118034,1,2,2,2,1,1,4,2,1,3,2,2,2,1,1,3,3,2,2,2,3,5,4,5,2,72,10,4
13118037,2,1,2,1,1,1,3,,1,3,2,1,3,3,3,5,3,3,3,1,2,2,4,3,1,19,5,4
13118041,2,2,1,1,2,1,2,2,2,3,,2,1,1,1,4,4,3,1,1,1,1,4,3,1,44,7,
13118042,3,2,2,2,2,1,2,3,2,1,3,3,2,2,1,3,3,3,2,1,3,4,4,1,2,74,7,3
13118043,1,2,2,1,1,1,4,1,1,3,1,1,1,1,1,4,3,3,2,1,2,3,4,4,2,40,7,2
13118045,2,2,2,1,2,1,5,3,3,3,2,4,2,2,2,3,5,3,2,2,2,4,5,5,1,44,5,3
13119011,3,2,1,2,3,1,2,2,2,2,1,2,1,1,2,3,3,2,2,3,4,4,5,3,2,61,4,3
13119012,1,2,2,3,1,1,4,2,1,1,1,1,1,1,1,1,3,2,2,1,4,4,2,3,2,58,5,2
13119013,3,2,2,1,3,1,5,3,4,4,,5,1,1,1,4,4,2,2,3,4,4,5,5,1,70,5,2
13119017,3,2,2,1,3,3,4,2,1,4,3,2,4,3,1,4,4,4,2,1,1,1,5,4,1,65,5,2
13119022,3,3,3,3,1,1,5,4,1,2,1,1,2,1,1,4,5,4,2,1,3,4,5,5,2,56,4,2
13119023,4,2,3,1,2,2,3,4,1,3,2,2,1,1,1,4,4,4,2,3,3,4,4,5,2,29,9,2
13119025,1,2,2,3,3,1,4,3,4,3,2,5,3,2,1,1,3,2,1,2,3,4,4,4,1,52,7,2
13119027,1,1,2,2,1,1,1,4,2,1,1,1,1,1,2,4,4,4,2,3,3,5,3,3,1,36,9,2
13119028,3,2,2,2,2,1,2,4,3,2,1,2,1,1,1,1,4,1,1,1,2,3,5,5,2,51,7,3
13119031,3,2,3,1,3,3,4,3,3,4,3,3,3,3,3,1,3,3,1,1,2,4,5,4,2,35,5,3
13119034,3,2,2,1,2,2,3,3,3,2,2,3,1,1,1,,,,2,2,1,3,4,4,1,60,3,1
13119041,1,2,2,1,1,1,3,1,3,3,3,1,1,1,1,5,4,1,1,1,1,1,5,5,2,27,5,2
13119042,1,2,2,1,3,1,3,1,3,,1,1,,,,4,2,1,2,1,4,4,5,5,2,48,3,2
13119043,4,2,2,1,5,,5,,5,,,5,,,,5,5,3,2,1,1,1,5,5,2,69,2,1
13119045,3,2,2,1,2,2,3,2,2,3,2,2,1,1,2,1,4,2,1,2,1,5,5,5,2,42,4,1
13119051,1,2,2,1,1,1,1,1,1,2,1,1,1,1,1,2,2,1,2,2,3,4,5,2,1,46,7,1
13119053,3,3,3,3,4,3,3,3,3,3,3,3,1,1,1,,,4,1,1,1,1,4,4,2,25,3,1
13119054,1,2,2,1,1,1,2,3,1,3,1,3,,,,4,4,3,2,1,1,1,4,3,1,51,5,1
13119055,5,,3,2,2,2,3,3,2,2,3,3,1,5,3,3,2,3,1,1,1,1,1,1,1,26,5,1
13119056,1,2,2,1,1,1,1,1,1,2,1,3,1,1,1,5,3,2,1,1,1,2,5,5,1,20,5,4
13119057,1,2,2,2,1,1,1,1,1,1,1,1,1,1,1,1,1,1,1,1,1,1,4,5,2,62,1,1
13119062,3,1,1,1,3,1,4,1,2,,,3,1,1,1,2,3,3,2,2,2,2,4,5,1,33,3,2
13119064,2,2,2,1,1,1,3,2,1,3,1,1,1,1,1,3,3,3,2,3,2,4,5,4,2,30,9,3
13119066,1,2,2,1,1,1,1,1,1,1,1,1,1,1,1,1,1,1,1,1,1,1,5,5,1,47,7,3
13119071,5,2,1,2,4,3,4,2,2,2,2,5,1,3,2,1,3,1,2,4,4,4,4,4,2,45,7,2
13119083,1,2,2,1,3,3,3,1,1,1,1,3,1,3,3,3,4,3,1,1,1,4,5,4,2,41,7,3
13119084,5,1,1,2,2,1,3,1,2,4,2,2,2,2,2,4,4,3,2,3,4,5,4,2,2,48,5,2
13119093,3,2,2,2,3,1,4,2,1,2,1,3,1,1,1,3,2,3,1,1,3,3,5,3,1,64,7,4
13119101,2,3,2,3,3,1,3,1,1,1,1,3,1,3,1,1,1,1,2,2,1,5,4,2,2,73,5,1
13119102,3,2,3,3,3,1,4,4,1,1,1,3,1,1,1,4,5,3,1,1,1,4,4,4,2,49,5,3
13119105,2,3,3,3,2,1,5,3,2,1,2,2,1,2,2,3,3,3,1,1,2,2,4,5,2,62,5,2
13119107,1,2,2,1,1,1,3,3,1,1,1,1,3,1,1,3,3,3,1,1,3,3,5,5,2,40,5,2
13119111,3,3,2,3,2,1,5,5,1,1,1,1,1,1,1,3,4,3,2,2,4,2,4,4,2,51,3,2
13119112,2,3,3,3,1,1,1,3,1,3,1,1,1,1,1,4,3,3,1,1,1,3,4,3,2,23,5,1
13119113,3,2,1,2,1,1,3,5,2,3,3,3,1,3,4,3,3,1,2,3,3,3,4,4,2,47,5,1
13119114,2,3,2,3,1,1,3,2,3,2,2,2,2,2,2,2,3,2,2,2,1,4,4,5,2,32,5,2
13119115,3,3,1,2,3,2,3,3,2,2,2,3,1,3,2,3,2,3,2,1,1,4,4,4,2,52,2,2
13119117,3,2,2,1,1,1,1,1,1,3,1,1,1,1,1,5,4,4,1,1,1,2,4,4,2,21,4,1
13119122,2,2,1,1,1,1,4,4,3,3,2,1,1,1,1,4,4,3,2,2,1,3,4,4,2,24,8,3
13119123,4,3,3,3,3,3,4,3,4,3,3,3,1,1,3,3,4,3,2,2,2,3,4,4,1,57,5,2
13119124,3,2,3,2,3,3,4,3,3,3,3,4,3,3,3,2,5,1,1,3,2,2,4,4,1,30,5,1
13119125,2,2,2,1,1,1,4,4,2,1,1,2,1,1,1,2,3,3,1,3,4,4,4,4,2,50,4,2
13119131,2,2,2,1,1,1,2,1,2,2,2,2,,,,,,,1,1,1,1,5,5,2,33,7,2
13119132,1,1,2,1,1,1,1,1,1,1,1,1,1,1,1,1,1,1,1,1,1,1,5,5,2,28,5,1
13119135,1,2,2,1,1,1,1,1,1,1,1,1,1,1,1,1,1,1,2,1,1,1,5,2,1,36,3,1
13119136,2,2,2,1,1,1,4,3,2,2,2,2,2,2,2,4,5,5,1,4,3,5,5,5,2,22,8,3
13119137,2,3,2,1,3,2,4,2,2,4,3,3,,,,5,3,3,1,1,3,3,5,5,1,38,5,2
13119141,2,3,3,3,2,1,4,2,2,2,1,2,1,1,1,2,4,2,2,1,1,3,4,4,2,61,4,1
13119142,1,1,1,1,1,1,1,1,1,1,1,1,1,1,1,1,1,1,1,1,1,1,4,5,2,55,3,1
13119144,4,2,1,2,3,3,4,1,1,1,1,1,1,1,1,1,1,1,2,2,1,3,4,3,2,46,3,2
13119145,2,3,3,3,3,3,3,2,3,3,2,2,2,2,2,4,3,2,2,2,2,3,4,3,1,21,7,1
13119146,1,2,2,1,1,1,1,1,1,1,1,1,1,1,1,,,5,2,2,1,3,4,5,1,55,5,3
13119152,1,2,2,1,2,1,4,3,1,2,2,1,1,1,1,3,3,2,1,1,1,3,5,5,1,46,4,2
13119153,1,1,2,1,1,2,1,5,1,1,1,1,1,1,1,5,5,5,1,3,3,3,5,5,2,30,9,3
13119154,2,2,2,2,2,1,4,1,1,2,1,2,1,1,1,3,2,2,2,1,3,5,4,4,2,49,7,1
13119156,2,2,2,1,1,1,4,3,3,3,2,3,1,1,1,4,4,4,1,1,2,4,5,5,2,33,9,4
13119161,1,3,3,3,1,1,4,1,2,3,1,1,1,1,1,3,4,4,2,4,4,5,4,4,2,35,7,2
13119165,3,3,3,3,2,1,3,1,2,2,2,2,1,1,1,1,2,2,2,2,3,3,4,5,1,59,7,3
13119167,1,2,2,1,1,1,4,2,1,2,1,1,1,1,1,,4,4,2,4,3,4,5,5,1,36,7,3
13120013,1,2,2,2,1,2,1,5,2,1,2,1,1,1,3,5,5,4,1,5,5,5,5,2,2,23,6,3
13120022,1,1,1,2,2,1,2,4,1,2,1,2,1,1,1,5,5,5,2,3,2,4,4,3,2,42,9,2
13120024,4,2,2,2,3,2,3,4,3,2,2,3,1,1,4,5,5,4,2,4,4,4,4,4,2,52,5,4
13120041,3,2,1,1,1,1,4,2,1,3,3,4,1,1,2,4,1,1,2,2,3,5,4,4,2,67,9,3
13120042,2,2,2,1,1,1,3,3,2,2,1,1,1,1,1,2,2,2,2,1,3,3,5,5,2,70,5,3
13120044,1,2,2,3,1,2,3,3,2,5,3,,1,1,1,1,1,1,2,2,3,4,5,3,2,53,7,2
13120046,1,1,1,2,1,1,5,2,5,1,1,2,1,1,1,5,5,5,2,1,4,5,5,5,1,63,10,5
13120062,2,2,2,2,2,2,3,3,1,4,2,5,1,1,1,4,4,2,2,1,2,1,5,5,2,66,4,3
13120064,2,2,2,3,2,2,3,3,3,2,2,2,1,1,1,3,3,3,2,2,1,1,3,5,1,21,8,2
13120065,3,2,2,3,3,2,5,3,3,3,3,2,3,3,2,2,2,2,1,3,3,4,4,4,2,36,7,1
13120072,2,1,2,1,3,1,2,1,2,3,2,3,2,1,2,2,3,2,3,2,3,5,5,4,2,57,7,3
13120073,1,1,2,2,2,2,4,2,4,2,2,2,1,1,5,3,5,3,2,5,3,5,5,4,1,41,9,4
13120074,1,2,2,1,1,1,5,,1,2,1,1,1,1,1,5,3,3,2,4,3,5,5,4,2,71,9,3
13120075,1,2,2,1,1,1,5,3,2,4,2,1,,,,1,4,2,2,1,1,5,5,5,1,56,5,1
13120077,4,1,2,2,3,3,4,3,4,2,4,4,2,4,3,3,4,4,2,4,4,4,4,5,1,50,10,4
13120087,2,2,2,2,3,3,4,3,3,3,3,3,2,2,2,3,3,3,2,3,3,4,4,4,2,75,9,4
13120091,1,2,2,1,1,1,4,1,1,3,1,1,3,1,1,2,2,3,2,3,4,5,5,5,2,75,10,4
13121013,1,1,2,1,1,1,1,3,1,2,1,1,1,1,1,4,3,4,2,1,1,2,4,4,2,30,5,3
13121021,2,2,1,1,1,1,4,3,3,3,2,3,2,2,2,2,2,2,1,2,2,3,4,4,1,23,7,2
13121022,1,3,2,1,1,1,4,3,3,3,2,1,2,1,1,3,4,4,1,3,5,5,4,4,1,42,9,3
13121024,1,2,2,1,1,1,2,2,2,4,2,2,2,2,2,2,4,2,1,1,3,5,4,4,2,33,9,1
13121025,1,2,2,1,1,1,2,4,3,4,1,1,1,2,1,2,3,2,2,1,1,4,4,4,1,37,5,1
13121026,1,3,3,3,2,2,4,3,2,3,2,1,1,1,1,4,1,4,2,1,1,2,4,5,2,25,9,3
13121027,2,2,2,1,2,2,2,2,1,3,1,1,1,2,2,2,3,2,2,1,2,5,5,4,2,58,7,4
13121031,2,2,2,1,2,1,4,2,3,2,2,2,1,1,1,1,3,1,2,1,1,3,4,5,1,52,2,1
13121034,1,2,2,1,1,1,3,4,1,3,1,1,3,4,4,3,4,4,2,1,1,3,4,5,2,63,5,3
13121035,1,2,2,1,1,1,1,3,1,1,1,1,1,1,1,4,4,5,2,2,3,5,5,4,2,57,9,4
13121036,3,2,2,1,2,2,4,1,3,3,1,2,1,1,1,3,3,3,1,1,1,3,5,4,2,31,5,3
13121037,3,2,2,1,2,1,5,4,3,3,,3,1,1,1,4,4,3,2,1,1,1,4,5,2,54,4,1
13122011,2,2,2,1,2,1,3,2,2,3,2,3,1,2,2,1,3,3,3,2,3,3,4,4,1,21,5,2
13122014,3,2,2,1,3,1,3,2,3,2,2,2,1,1,1,3,3,2,1,1,2,2,4,5,2,26,5,3
13122016,4,2,1,2,3,2,4,,2,,,3,,,,1,1,3,2,1,1,5,5,5,2,57,3,3
13122017,3,2,2,1,3,3,2,1,1,2,2,3,2,2,2,1,5,2,2,1,3,3,5,5,2,44,5,2
13122022,1,2,2,1,1,3,5,2,5,4,2,1,3,2,1,2,2,2,1,1,1,1,4,4,1,43,9,3
13122025,3,2,2,1,3,2,4,3,2,3,3,2,3,2,3,4,4,3,1,3,3,3,4,5,2,18,5,3
13122041,2,2,2,1,2,2,4,1,2,2,2,2,1,1,1,2,4,3,2,2,2,5,5,4,1,44,7,3
13122042,2,2,2,1,2,2,4,2,2,2,2,2,1,1,2,2,2,2,1,1,1,1,4,4,1,75,4,4
13122043,2,2,2,2,2,1,3,2,3,2,3,2,1,1,2,5,5,3,2,2,3,2,4,4,2,53,2,2
13122044,2,2,2,1,2,1,3,1,1,2,1,1,1,1,1,2,3,2,2,1,2,2,4,4,2,52,4,2
13122046,1,2,2,1,3,3,4,4,4,2,3,4,2,2,2,3,1,1,2,1,1,5,5,1,2,54,2,1
13122051,2,2,1,2,1,1,3,1,1,1,1,1,1,1,1,3,3,3,2,4,3,4,4,4,2,51,5,2
13122052,2,2,1,1,2,1,3,2,2,3,3,1,1,2,1,3,4,3,1,2,1,2,4,4,2,42,4,2
13122053,1,2,2,1,2,1,5,3,3,2,3,2,4,3,1,2,2,2,2,1,1,2,4,4,1,52,5,3
13122056,1,2,2,1,1,2,2,2,1,4,1,1,3,1,1,1,1,1,2,1,1,5,5,4,1,75,2,1
13122061,1,1,1,1,1,1,2,2,1,1,2,1,1,1,1,1,1,1,1,1,1,1,4,5,2,73,1,1
13122064,2,2,1,1,3,3,4,3,5,2,3,3,2,2,2,4,5,3,1,3,1,4,5,5,1,28,4,1
13122065,2,2,2,3,2,2,2,,3,3,3,3,2,2,2,2,2,2,2,1,1,1,3,4,2,48,5,1
13122066,4,2,2,1,2,2,1,,1,,2,2,1,1,1,1,,,2,1,1,4,5,5,2,43,5,4
13122071,1,2,1,3,1,1,4,1,1,2,2,2,2,2,2,3,4,4,1,1,2,3,4,4,1,45,5,2
13122072,2,2,2,1,1,1,3,1,1,2,1,1,1,1,1,4,4,2,2,1,2,4,4,4,2,65,4,3
13122073,2,2,1,3,1,1,2,1,1,2,1,1,1,1,1,1,2,2,1,1,2,2,4,4,1,22,5,1
13122074,2,2,2,3,2,2,4,1,1,1,1,2,1,1,1,3,3,4,2,1,2,4,4,4,2,57,3,3
13122075,2,2,2,2,2,3,4,,3,4,4,4,3,3,4,4,5,5,1,1,1,1,1,1,2,20,1,1
13122076,1,2,2,1,1,1,1,1,1,2,1,1,1,1,1,1,5,2,2,1,1,2,5,5,1,52,2,3
13122077,4,2,2,1,1,1,4,1,1,1,1,3,2,2,2,2,2,2,2,1,1,1,5,5,1,23,2,1
13123013,2,2,2,1,1,3,4,2,2,3,3,3,3,3,1,4,1,1,3,4,4,4,4,5,2,18,8,1
13123014,2,1,2,1,2,2,5,4,3,3,3,3,2,2,2,5,5,4,2,1,2,4,5,5,1,30,9,3
13123015,1,2,2,1,3,1,3,1,2,4,1,3,3,4,1,1,4,4,2,1,1,5,4,4,2,54,5,3
13123016,3,1,1,2,1,1,4,2,1,3,2,2,1,1,1,5,4,4,1,2,4,5,5,3,1,34,9,3
13123021,4,2,2,2,4,2,4,,3,4,3,4,2,3,1,4,3,4,2,3,4,4,5,4,1,53,9,2
13123023,5,1,2,2,3,1,4,2,2,4,2,3,1,3,3,5,5,5,1,5,5,5,5,3,1,42,9,6
13123026,1,2,2,1,2,1,4,2,2,2,1,2,2,2,2,4,4,4,2,1,2,5,4,4,2,37,7,3
13123027,2,2,2,1,2,1,2,3,2,2,1,1,1,1,1,4,4,3,1,2,3,5,4,4,2,40,7,3
13123028,1,2,2,1,1,1,4,4,1,3,4,1,1,1,1,3,3,2,2,1,1,3,4,4,2,57,7,3
13123029,2,2,2,1,1,1,3,4,1,3,1,1,1,1,1,5,5,5,1,3,3,4,5,4,2,19,8,4
13123031,1,2,2,1,1,1,5,1,1,1,1,1,1,2,1,4,3,3,2,1,5,5,4,4,2,53,9,3
13123038,1,2,2,1,1,1,2,2,2,1,1,1,1,1,2,4,4,4,2,1,1,1,4,4,2,57,8,4
13123039,3,3,3,3,3,1,4,3,4,3,2,3,3,3,1,4,4,4,2,3,4,4,4,4,1,28,9,2
13123044,3,1,1,2,3,3,4,3,3,3,3,4,3,3,3,4,4,4,2,2,3,4,4,4,2,74,9,3
13123053,4,2,2,2,2,2,4,2,3,3,2,3,3,2,1,5,5,5,2,5,4,5,5,5,1,36,9,6
13123056,2,2,2,1,3,1,5,3,3,1,1,3,1,1,1,4,4,4,2,1,2,3,4,4,2,73,9,3
13123057,2,2,2,1,2,1,4,3,1,1,1,1,1,1,1,4,4,4,2,1,2,4,4,4,2,42,8,3
13123059,1,2,2,1,2,2,5,2,2,4,2,1,3,1,1,4,4,4,2,4,4,5,5,4,1,68,9,4
13123064,2,3,3,3,2,2,3,3,3,3,3,3,2,2,2,4,4,4,2,3,4,4,5,4,2,29,9,6
13123066,2,2,2,1,2,2,2,4,2,2,2,2,1,1,1,5,5,5,2,5,4,5,5,3,2,24,8,3
13123073,1,2,2,1,1,1,5,2,2,3,1,1,1,1,1,2,2,2,1,3,3,5,4,4,2,54,5,2
13123075,2,2,2,1,1,2,4,4,2,4,2,2,2,,2,4,4,4,1,3,3,5,5,4,2,21,7,2
13123078,2,2,2,1,1,1,3,1,1,3,1,1,3,3,1,3,3,3,1,4,5,5,4,4,2,50,10,3
13124011,1,2,2,1,2,1,2,2,1,2,1,2,1,1,1,3,2,1,2,1,3,5,5,5,2,55,3,4
13124013,3,1,1,2,2,2,1,,1,1,1,3,1,1,1,1,1,1,1,1,1,5,5,5,1,40,2,1
13124014,,2,2,1,1,1,4,3,1,1,1,1,1,1,1,1,4,1,1,1,1,1,5,1,1,42,4,2
13124015,4,2,2,1,3,1,5,4,1,1,1,3,1,3,1,2,1,1,2,3,3,3,5,4,2,66,3,1
13124022,1,2,2,1,1,1,3,1,1,1,1,1,1,1,1,5,5,1,1,1,1,3,4,5,2,32,2,1
13124025,2,2,2,1,3,1,3,1,3,1,1,1,1,1,1,2,3,3,2,1,1,3,4,5,2,62,4,2
13124026,,2,2,1,2,1,4,,3,3,3,3,,,,,,3,2,1,1,3,5,4,2,31,5,2
13124027,4,2,2,2,3,2,4,,4,3,4,5,3,2,2,3,4,2,2,2,1,4,4,5,2,50,2,2
13124031,1,2,1,1,2,1,3,1,1,3,1,3,1,1,1,3,4,1,2,2,3,4,5,4,2,40,3,3
13124033,3,2,2,1,4,3,5,4,3,3,3,4,3,3,3,4,4,3,2,1,1,4,4,4,2,30,4,2
13124035,1,2,2,1,1,1,4,3,1,3,1,2,1,1,1,3,2,3,1,3,3,4,5,4,2,54,5,1
13124037,5,2,2,2,3,2,3,,3,3,,3,1,1,3,3,3,,1,1,3,1,4,4,2,33,3,1
13124044,4,2,1,1,1,1,2,2,2,2,1,2,1,1,1,3,3,3,2,3,3,3,4,5,2,49,6,3
13124045,1,2,2,1,2,1,3,1,1,3,1,1,1,1,1,,3,3,2,1,2,3,5,5,1,63,3,3
13124046,1,2,3,2,1,1,3,1,1,3,1,4,1,1,1,3,4,2,1,1,1,1,5,3,1,28,5,1
13124047,4,2,2,3,1,1,3,,1,,3,3,1,1,3,2,2,,1,1,1,3,5,4,2,46,3,2
13124054,2,2,2,1,3,1,1,4,1,1,1,4,1,3,1,4,4,3,2,3,1,3,5,4,2,44,7,3
13124055,3,1,1,1,3,2,3,1,1,2,2,3,1,1,2,4,,4,1,1,1,1,4,4,2,22,8,3
13124057,1,2,2,1,2,1,3,2,1,3,2,1,1,1,1,2,,2,1,1,1,2,5,5,2,39,5,3
13124062,2,2,2,1,2,1,4,1,2,4,2,1,3,2,1,5,3,3,2,1,1,3,4,5,1,42,10,4
13124064,1,1,1,3,1,1,1,3,2,3,1,1,1,2,2,4,4,4,1,1,3,4,4,3,1,60,9,3
13124066,2,2,2,1,2,1,2,2,2,3,2,1,2,2,2,3,4,1,2,1,3,4,5,4,2,48,7,4
13124071,1,2,2,1,2,1,4,4,1,3,1,4,1,1,1,1,3,1,1,1,1,5,5,5,1,44,3,1
13124072,1,2,2,1,1,1,2,2,2,1,2,1,2,1,1,2,3,1,2,3,2,5,5,5,1,31,5,2
13124073,2,2,2,2,1,1,4,,4,,,3,1,1,1,1,1,1,1,1,1,1,4,5,2,25,4,1
13124074,1,2,2,1,1,1,3,4,2,1,1,1,1,1,1,5,5,2,1,1,1,5,4,5,2,42,4,2
13124075,4,2,2,2,3,2,3,3,3,3,2,2,1,1,1,2,2,2,1,1,1,3,4,4,2,19,4,1
13124076,3,2,2,1,3,3,1,1,1,1,1,1,3,2,2,,,1,2,4,3,4,4,3,2,25,5,1
13125012,2,3,2,1,1,2,2,1,2,2,2,2,2,3,2,1,1,1,1,1,3,4,4,5,1,28,6,1
13125016,1,2,2,1,1,1,1,1,1,3,1,1,1,1,1,1,5,3,1,1,3,4,5,5,1,39,4,1
13125017,4,2,1,1,3,1,5,3,3,3,2,5,,5,,1,3,3,1,2,4,4,4,2,2,24,8,1
13125021,3,2,2,2,3,1,3,1,1,1,3,1,1,1,1,3,1,1,2,2,3,2,4,5,2,48,2,3
13125022,2,2,2,1,1,2,4,2,2,4,2,2,2,2,2,2,2,1,2,1,1,4,4,5,1,22,6,2
13125023,1,1,1,1,1,1,3,1,1,1,1,1,1,1,1,1,1,1,2,1,1,1,4,4,1,62,2,1
13125024,2,3,3,3,4,1,4,1,4,4,3,5,1,1,1,1,1,1,2,1,1,1,4,5,1,48,2,
13125025,2,2,2,3,2,1,5,1,1,4,1,5,1,1,1,4,5,4,2,1,1,3,4,4,1,47,3,2
13125041,4,2,2,2,2,1,3,1,5,3,3,1,,,1,5,5,5,1,2,1,1,2,5,2,21,5,1
13125042,2,1,2,1,2,3,5,2,5,5,5,2,2,5,3,3,5,3,1,1,1,3,3,5,2,19,2,1
13125043,1,1,2,1,1,1,1,1,1,1,1,1,1,1,1,2,4,1,2,1,1,1,,,2,30,5,1
13125045,1,2,2,1,4,1,4,1,1,1,1,4,1,1,1,1,4,4,2,1,1,1,5,5,1,58,1,1
13125046,1,2,2,1,1,1,5,1,3,1,1,2,1,1,1,1,1,1,2,1,1,4,4,5,2,46,3,1
13125048,1,1,1,2,1,1,1,1,1,1,1,1,1,1,1,4,4,4,2,1,1,5,5,5,1,58,2,2
13125051,1,2,2,1,1,1,1,1,1,1,1,1,1,1,1,1,1,1,1,1,2,2,4,3,2,71,5,3
13125052,1,2,3,2,2,2,4,3,4,2,1,2,2,2,2,3,3,3,2,4,3,4,4,1,2,58,10,3
13125057,2,1,1,2,3,2,4,2,3,4,3,3,3,3,3,3,3,3,2,2,3,3,3,4,2,38,9,3
13125063,1,2,1,2,2,2,3,3,3,3,2,3,1,1,1,4,2,2,2,2,3,4,4,4,2,50,5,3
13125064,1,2,2,1,1,1,1,1,1,1,1,1,1,1,1,3,2,1,2,1,1,3,5,4,2,45,2,2
13125066,1,2,2,1,1,1,3,1,1,3,1,1,1,1,1,3,3,1,2,1,1,2,5,4,2,49,5,2
13125067,1,2,2,1,3,1,3,3,1,3,1,3,2,2,2,1,2,2,1,1,1,3,4,5,2,50,3,3
13125068,3,2,2,1,2,2,4,1,3,3,1,1,1,1,1,1,1,1,1,1,1,5,5,5,2,31,7,1
13126013,3,2,2,1,1,1,4,1,2,2,1,2,2,2,1,2,2,2,2,1,2,3,4,4,1,69,7,1
13126015,3,2,1,2,3,1,4,5,1,3,2,4,1,4,1,3,4,4,2,1,3,4,4,5,1,75,3,3
13126022,3,2,2,1,1,1,3,,3,3,1,1,3,1,1,3,3,3,2,1,1,5,3,3,1,59,4,1
13126023,1,2,2,1,3,3,4,3,2,3,2,2,3,3,2,2,2,2,2,1,3,4,5,4,1,45,8,2
13126025,1,2,1,2,1,1,4,1,1,3,1,1,1,1,1,4,4,2,2,1,3,5,5,5,1,51,9,6
13126031,2,3,2,1,2,1,1,3,1,1,1,4,1,1,2,5,5,3,2,5,5,5,4,3,2,22,8,3
13126032,1,2,2,1,2,1,3,2,2,4,2,1,2,1,2,,,,2,5,5,5,4,1,1,24,9,3
13126034,1,,,3,2,2,2,2,1,1,2,3,1,1,2,5,4,3,3,5,5,5,5,2,2,19,8,3
13126035,1,2,2,1,2,1,3,2,2,3,1,1,1,1,1,,,4,1,1,2,3,4,3,2,38,5,2
13127012,3,2,2,1,3,2,3,3,2,4,3,3,1,2,2,4,4,3,2,3,2,3,3,3,1,39,5,1
13127015,2,2,2,1,2,2,4,1,1,3,2,1,2,2,1,4,3,1,1,3,3,4,5,2,1,22,8,3
13127021,1,2,2,1,1,3,5,5,1,3,1,5,1,3,4,3,4,2,2,1,1,1,4,4,2,71,3,1
13127023,1,,,,1,1,2,3,1,1,1,1,1,1,2,1,3,1,2,1,1,5,5,2,1,46,4,1
13127024,1,2,2,1,1,2,1,1,1,1,1,1,1,1,1,3,3,1,1,1,1,1,5,1,2,26,3,3
13127025,,3,3,3,2,1,2,1,1,2,1,2,,,,5,5,4,1,2,2,3,5,1,1,39,4,1
13127031,1,3,3,3,1,1,1,1,1,1,1,1,1,1,1,3,3,3,2,1,1,1,5,2,2,45,7,1
13127032,,3,3,3,1,1,1,1,1,1,1,1,1,1,2,4,,3,1,1,1,1,4,4,1,36,5,1
13127033,1,2,2,3,1,2,4,2,1,1,1,2,2,2,1,4,4,2,2,1,2,4,5,2,2,59,7,3
13127034,,,,,1,1,3,1,1,1,1,1,1,1,1,4,4,1,2,1,3,3,4,1,2,52,2,1
13127035,2,3,3,1,1,2,2,1,1,1,1,1,1,1,1,3,4,3,1,1,1,2,5,3,2,60,5,1
13127041,1,1,1,2,1,1,3,2,1,1,1,1,1,1,1,4,5,4,2,1,1,1,5,1,2,57,4,2
13127042,1,3,2,2,1,1,1,1,1,1,1,1,1,1,1,2,,2,1,1,1,2,5,3,2,52,7,1
13127043,4,2,2,1,1,1,3,3,1,1,1,3,3,2,1,3,4,3,2,3,5,5,5,5,1,44,5,2
13127044,1,1,1,2,1,1,3,4,2,2,1,2,1,1,3,5,5,5,2,5,5,5,5,5,1,38,9,3
13127053,2,2,2,1,2,1,2,2,2,2,2,1,1,1,3,4,2,3,2,1,4,4,5,5,2,56,7,3
13127054,1,2,2,1,3,2,2,3,2,4,4,3,3,3,2,5,4,4,1,1,1,1,4,5,1,28,7,3
13128013,1,2,3,1,3,1,4,1,1,1,1,1,1,1,1,4,4,2,2,1,1,3,5,5,2,68,3,4
13128014,2,2,2,1,3,1,5,3,3,4,2,3,5,5,5,1,1,1,1,1,1,1,5,5,2,35,5,1
13128015,4,2,2,1,3,3,2,4,1,2,2,2,1,2,2,1,1,1,2,1,3,3,5,2,2,43,4,1
13128016,3,2,2,1,1,1,3,2,1,1,1,2,1,1,1,3,2,3,2,1,1,5,5,5,2,50,5,1
13128022,1,2,1,1,1,1,3,1,1,1,2,1,5,1,1,3,,1,2,1,5,5,4,3,2,64,3,3
13128024,1,2,2,1,1,1,4,3,1,1,1,1,3,2,1,5,5,4,1,1,1,5,4,4,2,39,7,3
13128025,1,2,2,1,1,1,1,1,1,1,1,1,1,1,1,3,1,1,1,1,3,5,1,4,2,22,5,2
13128033,1,2,2,1,1,1,4,1,1,4,1,3,1,1,1,1,5,4,2,1,3,4,4,1,2,34,5,3
13128034,,1,2,2,3,1,4,1,1,1,3,1,1,1,1,4,4,4,2,1,1,1,5,5,2,58,4,1
13128035,2,2,2,1,2,1,3,3,3,3,2,3,3,3,3,3,3,3,2,1,1,1,5,5,1,44,5,1
13128041,2,2,2,1,2,2,3,3,2,2,3,2,2,1,1,3,3,3,1,1,1,1,2,3,2,18,8,1
13128043,1,2,1,3,2,1,4,1,2,4,1,2,1,3,1,3,4,4,2,1,2,4,5,2,1,71,4,2
13128044,1,2,2,2,1,1,4,4,1,1,1,4,1,1,1,4,4,4,2,1,1,1,4,5,1,72,2,1
13128051,3,2,2,,1,1,2,1,2,1,1,1,1,1,1,3,3,3,1,1,1,1,5,5,2,21,8,2
13128053,3,2,2,1,1,1,1,1,1,1,1,1,1,1,1,1,4,4,2,1,1,1,4,3,2,46,3,2
13128054,3,1,1,1,2,1,4,3,3,2,2,3,2,2,2,4,4,4,2,2,3,1,5,4,2,29,9,3
13128055,1,2,2,1,2,1,2,1,3,1,1,1,3,1,1,3,3,3,2,1,5,5,5,5,2,56,7,3
13129011,5,2,2,2,4,1,5,3,3,4,1,3,1,1,4,4,5,5,2,4,5,5,5,5,1,31,8,3
13129012,1,1,2,1,2,1,1,1,1,1,1,2,1,1,1,1,5,3,2,1,5,4,5,5,2,55,4,5
13129014,3,2,3,1,3,1,3,3,2,3,1,3,1,2,1,1,3,3,2,1,1,1,5,5,1,55,2,2
13129015,3,2,2,1,3,3,4,3,2,3,3,3,2,3,3,,3,3,2,3,3,3,5,5,2,42,5,1
13129016,1,1,2,2,1,1,3,1,3,3,1,1,1,1,1,4,4,3,2,3,2,4,4,4,1,24,8,3
13129021,5,2,2,1,1,1,3,1,1,3,3,1,1,1,1,1,4,4,2,1,1,3,5,4,2,63,4,3
13129022,2,2,2,1,1,1,4,1,1,1,1,1,1,1,1,1,4,3,2,3,3,5,5,4,1,62,5,2
13129024,2,2,2,1,2,2,3,2,2,3,1,2,1,1,1,4,4,4,2,2,3,3,3,2,2,55,9,2
13129025,2,2,1,1,3,1,2,3,4,3,2,3,1,2,3,3,3,3,2,1,1,3,2,4,1,71,3,3
13129031,1,1,2,2,2,2,2,2,1,1,4,2,2,2,2,4,4,4,2,4,5,5,5,5,2,59,5,2
13129032,2,2,2,1,2,1,4,1,1,2,1,2,1,1,1,3,3,3,2,1,2,4,5,5,2,58,2,4
13129034,4,1,2,1,1,1,3,1,1,2,1,1,1,1,1,1,2,1,1,1,1,5,5,5,1,49,5,3
13130012,1,2,2,2,1,1,4,4,1,2,3,2,1,1,1,4,1,1,2,1,1,1,4,2,2,35,8,2
13130014,3,2,2,1,2,1,3,1,1,2,1,1,1,2,1,,2,2,2,1,1,3,5,4,2,74,3,1
13130016,1,2,2,2,1,1,3,2,2,1,1,2,1,1,1,4,4,4,2,4,5,5,5,5,1,33,9,3
13130018,4,1,2,2,4,2,4,3,4,2,2,4,1,1,3,4,4,3,2,3,1,4,5,3,2,53,9,3
13130021,2,2,2,1,2,2,2,2,1,2,2,3,1,1,1,3,5,5,2,5,5,5,5,5,1,62,5,5
13130022,2,2,2,1,2,2,4,3,3,3,3,2,3,2,2,3,3,3,2,2,4,5,4,2,1,62,5,3
13130025,4,1,1,2,4,2,3,4,4,2,4,4,2,2,3,4,4,4,2,5,5,5,5,2,1,58,9,3
13130033,2,2,2,1,2,1,5,5,1,4,2,2,1,1,1,4,4,4,2,4,5,5,5,5,2,52,8,5
13131011,1,2,2,3,1,1,3,2,3,3,1,3,2,2,4,2,,3,1,2,4,4,5,3,1,19,4,1
13131013,4,3,2,3,4,4,4,4,4,4,4,5,1,4,4,5,5,5,2,5,5,5,4,4,1,59,9,4
13131014,1,2,2,3,1,1,2,1,1,1,1,1,1,1,2,4,4,2,1,1,4,4,5,2,1,56,9,3
13131015,1,2,2,2,1,1,2,2,1,1,1,2,1,1,1,5,4,4,2,4,4,4,5,3,2,35,5,3
13131016,5,2,1,3,5,2,4,1,4,4,5,5,1,4,3,2,3,4,2,1,4,5,5,4,2,67,3,3
13131018,1,2,2,1,3,1,2,1,1,3,1,1,1,1,1,1,4,4,2,1,1,1,4,4,2,54,5,3
13131021,1,2,2,3,3,2,4,4,3,1,1,3,1,1,3,5,4,4,2,2,3,4,5,5,2,39,8,2
13131022,2,2,2,3,3,2,4,3,2,2,2,2,2,2,2,4,4,4,1,3,3,3,4,3,2,34,4,1
13131023,1,2,2,1,1,1,2,2,1,1,1,1,2,1,1,2,2,2,2,2,2,2,5,4,1,26,5,5
13131024,5,2,2,1,2,1,2,2,2,2,1,3,1,1,1,1,4,2,2,1,1,1,5,5,2,48,5,2
13131025,2,2,2,3,1,1,3,3,2,2,1,2,1,1,1,3,3,3,1,1,2,4,5,4,2,48,7,4
13131026,1,2,2,1,1,1,2,4,1,1,1,1,1,5,1,1,5,4,2,3,3,3,4,4,2,22,4,2
13131033,3,2,2,1,3,3,1,1,1,1,3,3,3,3,3,4,4,4,2,2,3,3,4,4,2,45,2,1
13131036,2,2,2,1,3,1,5,5,2,2,2,2,2,2,2,2,5,5,2,1,3,5,5,5,2,51,7,4
13131038,1,2,2,3,2,2,3,1,2,2,1,4,1,1,1,3,3,1,2,1,1,3,5,5,1,55,2,1
13132015,2,2,2,1,1,2,4,3,3,3,4,4,4,2,1,4,3,3,2,4,3,4,5,5,2,62,10,3
13201011,3,2,2,2,3,3,4,4,4,4,3,2,2,2,2,4,3,4,2,2,1,1,4,3,1,21,8,4
13201012,3,2,2,1,1,2,4,3,1,4,3,2,3,1,1,4,3,2,2,4,4,5,3,3,2,59,9,5
13201013,1,2,2,1,1,1,1,3,1,1,1,1,1,3,2,1,3,3,2,1,3,3,4,4,2,53,10,5
13201017,4,2,2,2,4,2,4,2,1,1,1,4,1,1,3,4,4,4,2,1,1,4,4,4,2,66,5,3
13201025,1,1,2,2,1,1,5,3,1,3,1,3,1,1,1,3,3,3,2,1,3,2,4,4,2,77,9,3
13201034,1,2,2,1,1,1,1,1,1,1,1,1,1,1,1,3,4,4,2,3,3,3,4,3,2,21,6,3
13201035,4,2,2,1,1,1,2,1,1,1,1,2,1,1,1,3,5,3,2,3,3,4,5,4,1,44,7,3
13201037,1,2,2,2,3,1,2,2,1,1,1,3,3,2,1,4,3,3,2,1,1,3,4,2,1,55,4,4
13201043,1,2,2,2,1,1,1,2,1,1,1,1,1,1,1,4,4,3,1,1,2,1,5,5,1,27,5,1
13201044,3,1,2,1,3,1,4,1,1,2,3,3,1,1,1,3,3,2,2,2,1,3,3,4,1,51,7,1
13201045,1,2,2,1,3,1,5,5,5,1,2,3,1,1,1,1,3,1,2,2,3,3,4,4,2,25,2,1
13201046,1,2,2,1,3,1,5,2,1,2,3,3,,,,3,,2,2,1,1,5,4,3,2,47,4,1
13201047,2,2,2,1,1,1,2,2,1,2,1,1,1,1,1,2,2,2,2,2,3,3,4,3,1,37,5,1
13201051,1,2,2,1,1,1,3,1,1,1,1,2,1,1,1,2,3,2,2,1,1,2,4,5,2,55,2,1
13201054,2,1,2,1,2,1,1,,1,1,1,5,1,1,1,3,3,2,2,1,2,2,5,5,2,55,4,1
13201055,1,2,2,1,1,1,3,1,1,1,1,1,1,1,1,3,4,1,2,1,1,1,4,4,2,25,5,1
13201061,3,2,2,1,2,1,2,2,1,2,1,1,2,2,2,2,5,3,2,1,1,5,2,5,2,28,7,2
13201062,3,2,2,2,1,1,3,3,1,1,1,1,1,1,1,3,,1,1,1,1,3,4,4,2,28,5,3
13201063,1,2,1,2,1,1,3,1,1,1,1,4,1,1,1,3,4,3,2,1,2,4,4,4,2,41,6,3
13201064,2,2,2,1,1,1,3,2,1,1,1,1,1,1,1,4,4,4,2,1,2,3,5,2,2,48,2,3
13201071,2,2,3,2,2,1,3,3,3,2,1,3,1,1,1,3,3,3,2,1,1,3,4,4,2,53,4,2
13201074,1,2,2,1,3,1,4,2,1,2,2,4,1,2,1,1,4,1,2,1,3,1,5,3,2,41,5,3
13201075,4,2,2,1,2,1,4,,2,,2,3,,1,1,,3,1,2,1,2,2,4,3,2,48,2,2
13201081,1,1,2,2,1,1,1,2,1,1,1,1,1,1,1,3,4,3,2,1,1,1,4,5,1,51,1,2
13201082,1,2,2,1,2,1,3,3,2,3,2,2,2,3,3,5,4,3,1,3,3,4,4,4,1,26,4,1
13201083,,2,1,2,1,1,3,3,1,1,1,1,,,,3,3,2,2,1,2,4,4,3,1,25,9,3
13201084,4,1,2,2,4,3,4,2,3,4,4,4,1,4,1,3,3,4,2,3,3,2,4,5,1,75,5,3
13201085,1,1,1,2,1,1,3,3,1,3,1,3,,,,3,3,3,2,1,3,3,4,3,2,26,8,2
13201091,3,2,2,2,1,2,4,3,1,3,3,1,2,3,4,4,4,3,1,1,1,2,4,3,1,31,5,2
13201092,1,2,2,1,1,1,4,,2,1,1,1,1,1,1,3,3,3,1,1,2,1,4,1,2,64,2,1
13201093,3,2,2,2,2,3,4,1,2,3,2,1,2,1,2,4,4,4,2,1,1,1,4,5,1,28,8,2
13201096,2,2,2,1,3,2,4,3,3,2,2,4,3,2,1,2,4,2,2,3,3,3,4,2,2,48,6,3
13201097,2,2,1,2,1,1,4,2,3,2,1,1,2,2,1,2,3,2,2,1,2,5,4,5,1,58,5,2
13201102,3,2,2,3,2,,2,4,1,2,2,2,,,3,4,4,3,1,2,1,1,5,4,2,42,6,1
13201103,1,2,2,3,1,1,1,4,1,1,1,1,1,1,1,3,4,2,2,3,3,3,3,4,1,29,7,3
13201104,1,2,2,1,1,1,4,3,1,3,1,2,,1,1,4,4,4,1,1,1,3,5,5,2,26,5,4
13201106,1,2,2,1,1,1,2,1,1,1,1,1,1,1,1,2,2,1,1,2,3,4,5,5,2,29,7,1
13201111,1,2,2,1,1,1,1,1,2,1,1,1,1,1,2,3,3,1,1,2,2,2,3,4,1,45,5,1
13201112,1,2,2,1,1,1,1,3,1,1,1,1,1,1,1,1,1,1,1,1,1,1,4,4,1,46,3,
13201114,1,2,2,1,2,1,3,3,1,2,1,1,2,1,1,3,2,3,2,1,3,5,5,4,2,64,5,1
13201115,1,2,2,1,1,1,3,1,2,2,2,2,1,1,2,3,3,3,1,2,2,4,5,5,2,20,6,2
13201122,2,2,2,1,4,3,3,3,3,2,2,4,1,1,4,4,3,3,2,3,3,5,5,5,2,21,8,2
13201123,1,2,2,1,1,1,1,1,1,1,1,1,1,1,1,2,4,1,1,1,1,1,4,2,1,35,5,1
13201124,1,2,2,1,1,1,4,1,1,1,1,1,1,1,1,4,4,2,1,1,3,3,4,3,2,38,3,1
13201125,1,2,2,1,2,2,2,2,1,1,2,4,1,1,1,2,4,3,2,3,4,4,4,3,2,57,4,3
13201126,1,2,1,1,1,1,4,2,2,1,1,1,1,1,1,1,3,3,2,1,1,3,5,4,2,63,2,1
13201131,4,2,1,2,3,3,4,,1,2,1,3,2,2,1,4,5,3,2,1,1,5,4,5,2,46,3,3
13201132,4,2,1,1,3,2,4,2,3,3,2,4,3,3,2,1,2,2,2,1,1,4,4,3,1,53,4,2
13201133,4,3,3,2,1,1,3,4,3,2,2,3,3,3,2,1,5,2,1,1,1,3,4,4,1,21,5,1
13201134,4,2,2,1,1,1,1,1,1,1,1,1,1,1,1,1,4,3,2,1,1,5,4,4,1,45,3,1
13201135,4,2,2,1,3,1,3,1,1,1,1,2,1,1,1,5,4,3,1,1,1,5,4,5,2,51,3,1
13201142,1,2,2,1,2,1,3,4,2,1,1,2,2,2,1,3,4,3,2,1,2,3,4,3,2,59,7,2
13201143,4,2,1,2,3,3,3,3,3,3,3,4,2,3,3,2,3,2,2,4,5,5,5,3,1,56,7,3
13201144,1,2,2,1,1,1,2,2,1,1,1,1,1,1,1,1,3,1,2,1,1,3,4,4,1,36,5,2
13201145,4,2,2,2,1,1,2,1,1,1,1,3,1,1,1,1,1,1,2,1,1,5,4,5,2,72,3,2
13201146,1,2,2,1,1,1,2,3,2,2,1,1,1,1,1,2,3,3,2,1,2,3,5,3,2,48,7,2
13201151,2,2,1,2,3,2,3,2,2,2,2,2,2,2,2,3,3,3,2,2,2,2,4,4,1,30,5,3
13201155,2,2,2,1,2,2,3,,3,4,2,2,3,2,2,4,3,2,2,3,3,5,5,5,2,56,7,3
13201162,3,2,2,1,2,1,1,1,3,1,1,3,3,3,3,4,5,2,1,1,3,3,1,4,2,23,6,1
13201163,5,2,2,1,1,1,1,1,1,1,1,1,1,1,1,1,3,,1,1,1,1,4,4,2,26,5,2
13201164,3,2,2,1,1,1,3,4,3,1,1,1,1,1,1,1,3,1,1,1,1,3,4,5,1,64,2,2
13201165,2,2,1,2,1,1,2,3,2,3,3,1,1,1,2,2,2,3,1,1,3,3,4,3,2,25,5,2
13201166,3,2,2,,1,1,1,1,1,1,1,1,1,1,1,1,1,1,1,1,1,1,5,5,1,32,3,1
13201168,1,2,1,1,2,2,2,2,2,2,2,2,1,1,2,3,3,3,1,2,2,3,4,4,2,35,4,2
13201174,2,2,2,2,2,2,4,4,1,4,2,2,4,3,3,5,4,4,1,2,4,3,4,5,2,31,6,2
13201175,1,3,3,1,1,1,1,1,1,1,1,2,1,1,1,4,4,3,2,1,3,2,5,3,2,56,2,3
13201177,1,2,2,1,1,1,1,1,1,1,1,1,1,1,1,1,3,1,2,1,4,4,4,2,1,56,4,3
13201182,1,2,2,1,1,1,3,2,2,2,1,2,1,1,1,3,3,2,1,1,1,1,4,4,1,28,6,5
13201183,3,1,1,2,2,1,3,3,1,2,2,3,,,,3,,,2,1,1,3,4,3,2,26,9,3
13201185,1,2,3,2,1,2,4,2,3,2,4,4,1,2,1,2,2,4,2,4,3,2,4,4,2,50,5,2
13201186,1,2,2,1,1,1,2,2,2,3,2,1,1,1,1,3,4,3,2,1,1,1,5,3,2,47,7,3
13201187,5,2,2,1,3,3,4,5,3,3,3,4,1,2,3,4,5,5,2,3,5,5,5,5,2,53,3,1
13301013,2,2,2,1,1,1,3,3,1,1,1,1,3,3,1,1,3,3,2,3,3,5,4,4,2,48,3,3
13301021,1,2,2,1,1,1,4,2,4,4,4,5,1,1,1,1,3,3,1,1,1,4,5,5,1,49,4,3
13301023,2,2,2,1,1,1,2,2,1,1,1,2,1,1,5,1,4,4,2,1,2,4,5,5,1,33,5,3
13301031,1,2,1,2,1,1,1,3,1,1,2,3,1,1,1,1,1,1,2,1,1,1,5,5,2,53,4,4
13301032,2,2,2,1,1,1,1,1,1,1,2,1,1,1,1,1,2,1,2,1,1,2,4,4,2,46,5,3
13301033,2,2,2,1,1,1,1,1,1,1,1,1,1,1,1,2,4,1,2,1,3,3,4,4,2,54,3,3
13301041,1,2,2,1,3,2,3,2,2,2,1,3,1,1,1,3,4,3,2,1,1,3,5,5,2,41,4,3
13301042,4,2,1,1,1,1,1,1,1,1,1,1,1,1,1,1,1,2,2,1,1,1,4,2,2,68,2,1
13301043,3,2,2,1,1,1,3,3,1,1,1,1,3,4,1,4,4,3,2,2,1,1,4,2,2,38,5,1
13301051,3,2,2,1,3,3,4,3,1,1,1,3,,,,3,1,1,1,1,1,1,4,2,2,33,8,3
13301053,1,2,2,1,2,1,3,1,3,2,1,3,1,1,1,3,3,1,2,2,3,5,5,5,2,40,9,2
13301061,,2,2,1,3,1,4,1,1,2,1,3,1,1,1,3,3,2,2,1,3,4,5,2,2,54,3,3
13301071,1,2,2,1,1,1,2,1,1,1,1,1,1,2,1,4,5,2,2,1,1,2,4,4,2,36,7,2
13301081,3,2,3,1,1,1,3,,3,2,2,2,1,1,2,,4,2,2,1,2,4,5,4,2,56,5,1
13301083,1,2,2,1,1,1,2,1,1,1,1,1,2,2,1,4,2,2,1,5,5,5,5,4,1,38,8,5
13301084,1,2,2,2,1,1,4,1,1,1,1,1,2,1,1,4,2,2,2,1,3,4,4,5,2,65,2,3
13301091,2,2,2,1,2,1,2,2,1,3,2,3,1,1,1,3,4,3,1,2,3,4,5,5,2,26,5,1
13301092,4,2,2,1,4,2,4,1,4,4,4,4,5,5,1,5,4,4,2,1,1,1,4,4,2,69,2,1
13301093,3,1,3,3,3,2,2,4,3,2,1,4,1,1,2,5,5,4,2,4,5,5,5,4,2,36,9,5
13301101,1,2,2,1,1,1,4,1,1,1,1,1,5,1,1,3,3,1,2,2,1,3,4,5,2,21,5,1
13301102,4,2,2,1,1,1,4,3,3,3,3,3,1,,1,1,1,1,1,3,1,3,4,3,2,40,5,1
13301103,1,2,2,1,1,1,4,1,1,2,1,1,3,1,1,3,3,1,1,2,1,3,4,3,2,54,6,1
13301112,,2,2,2,,2,4,,,,,3,,,,1,2,1,2,2,4,5,3,2,2,45,4,1
13301113,2,2,3,1,2,1,3,1,1,1,1,4,1,1,1,4,,1,2,1,3,4,4,3,1,67,4,1
13301122,2,2,2,1,1,1,3,3,1,1,1,1,1,1,1,4,,2,2,1,1,1,5,3,2,44,2,3
13301132,3,2,2,1,2,1,3,1,1,1,1,2,1,2,2,3,3,2,2,3,2,2,4,4,2,53,3,3
13301133,,2,2,1,1,1,3,1,1,1,1,1,1,1,1,3,3,3,1,1,1,2,4,4,2,55,2,1
13301141,1,2,2,1,1,1,2,1,1,1,1,1,1,1,1,4,4,2,2,1,1,3,4,5,2,62,2,2
13301142,1,2,2,1,1,1,1,3,1,1,1,1,1,1,1,3,3,4,2,2,1,3,3,4,2,67,2,1
13301143,2,2,2,1,3,1,1,1,1,3,3,3,1,1,,2,5,2,2,3,1,4,4,5,2,52,1,1
13301146,1,2,2,1,1,1,1,4,3,3,1,1,3,3,1,4,5,4,2,1,1,1,5,5,2,41,5,3
13301152,1,2,2,1,1,1,4,3,1,1,1,1,1,1,1,3,3,1,1,1,3,3,5,1,1,22,5,1
13301153,2,2,2,1,2,1,3,3,2,2,2,2,2,2,2,4,4,4,1,3,3,5,4,4,1,21,8,2
13301161,1,2,2,1,1,1,2,1,3,1,1,1,1,1,1,4,4,4,2,2,2,3,5,4,1,28,9,3
13301163,3,1,3,3,1,1,4,4,2,2,1,2,1,1,2,3,4,2,2,4,3,5,5,4,1,24,8,2
13301171,3,2,2,1,1,1,1,1,1,2,2,1,1,3,2,1,3,2,1,1,1,3,4,5,1,18,2,3
13301172,4,2,2,1,1,1,1,1,1,1,1,1,1,1,1,3,4,3,1,1,3,3,4,4,2,24,5,1
13301181,2,2,1,1,2,2,4,1,3,1,1,1,1,1,1,2,1,1,1,1,1,1,3,4,1,34,2,3
13301182,2,2,2,1,2,1,2,1,4,2,2,4,2,2,2,5,5,3,1,1,3,5,5,5,2,36,4,3
13301183,1,2,2,1,2,2,3,4,3,3,3,3,3,3,3,2,3,2,1,3,3,3,5,5,2,30,4,1
13301191,3,2,2,1,2,1,3,2,4,3,2,2,1,1,1,2,3,2,1,1,1,3,5,5,2,38,5,3
13301193,3,2,2,1,3,1,2,3,2,3,2,1,1,1,1,3,3,3,1,1,3,3,5,5,2,22,5,3
13301196,1,2,2,1,1,1,1,1,2,1,1,4,1,1,1,1,1,1,1,1,1,5,5,5,1,32,4,2
13301203,2,2,1,,1,1,4,3,3,3,1,3,1,1,2,3,3,3,1,1,2,4,4,5,2,43,2,3
13301211,3,2,2,1,3,2,2,3,2,3,2,2,3,3,2,3,3,3,2,1,1,3,5,5,2,27,5,3
13301212,3,2,2,1,3,3,4,1,1,4,3,3,3,3,3,2,3,3,2,1,1,1,5,3,1,56,4,1
13301213,3,2,2,2,2,1,3,3,2,3,2,4,1,1,1,2,4,2,2,2,2,4,5,4,1,55,5,2
13301221,1,2,2,1,2,1,4,1,1,2,1,2,1,1,1,4,5,1,2,1,1,1,5,2,2,42,2,1
13301222,2,2,2,1,2,1,1,1,1,1,1,1,1,1,1,4,5,1,2,1,5,5,5,4,2,46,4,3
13301223,2,1,2,1,3,2,4,3,2,3,2,2,2,2,1,3,3,2,2,2,3,3,4,3,1,22,8,3
13301231,3,2,2,1,3,2,2,1,2,2,2,4,1,1,1,1,3,1,2,1,1,5,4,5,2,57,2,1
13301232,3,2,1,2,3,3,4,2,3,2,3,3,,,,1,3,3,2,1,1,3,4,4,2,57,2,2
13301235,5,2,2,1,3,3,5,5,3,2,3,3,3,3,3,3,5,3,2,2,2,3,5,5,2,27,5,1
13301241,1,3,1,1,1,1,2,2,2,3,1,3,1,1,1,2,3,3,2,1,3,3,5,3,2,65,2,1
13301242,1,2,2,1,3,3,5,1,2,1,1,2,1,1,1,3,3,1,2,1,1,2,4,5,2,58,3,1
13301245,1,2,2,1,1,1,3,1,1,1,1,1,1,1,1,1,1,1,1,1,1,3,4,4,2,52,3,2
13301251,3,2,2,1,3,2,3,4,1,3,2,2,2,2,2,4,4,3,2,3,4,4,4,4,2,32,7,3
13401011,1,2,3,2,1,2,4,4,2,2,1,1,,,,3,3,3,2,3,2,1,4,4,2,51,6,2
13401013,1,1,1,2,1,1,4,3,1,1,1,1,1,2,2,3,4,4,1,1,3,2,4,5,1,28,9,2
13401014,3,1,1,2,3,1,4,1,2,3,3,4,1,1,1,3,4,4,2,2,3,3,4,5,1,64,4,3
13401015,2,2,2,2,2,1,2,2,2,2,2,2,2,2,2,4,4,4,1,1,1,1,2,5,1,28,6,2
13401021,2,1,1,3,1,1,3,3,1,2,2,1,1,1,1,3,3,3,2,1,1,3,5,5,2,49,9,1
13401022,3,1,1,1,4,1,3,2,2,1,1,1,1,1,1,1,1,1,1,1,1,1,4,4,2,29,1,1
13401023,1,2,2,1,1,1,1,1,1,1,1,1,1,1,1,4,4,3,1,1,1,1,4,4,2,28,5,1
13401025,3,3,1,3,2,2,2,1,2,3,2,3,1,1,1,1,1,2,2,1,1,1,2,3,2,41,,1
13401026,2,2,2,3,2,1,4,2,1,1,1,2,1,2,1,2,1,1,2,1,1,3,4,5,2,65,2,3
13401027,1,2,2,2,1,1,2,4,1,1,1,1,1,1,1,1,3,2,1,1,1,2,4,3,2,52,4,1
13401032,1,3,1,2,1,2,4,4,1,2,1,1,1,2,2,4,4,4,2,2,3,3,4,5,2,20,8,2
13401033,2,2,2,1,3,1,1,1,1,2,1,3,1,1,1,2,2,3,2,2,1,3,4,4,2,38,7,2
13401034,1,2,2,1,1,1,3,1,1,4,1,2,1,1,1,4,4,2,3,1,1,3,4,4,2,19,8,2
13401036,2,2,3,1,3,2,3,3,3,3,3,3,2,2,2,4,4,3,2,3,3,3,5,5,1,22,8,3
13401037,2,2,2,2,3,3,4,4,4,3,2,3,2,2,3,3,3,3,3,3,2,3,4,5,2,19,8,3
13401041,1,2,2,1,2,2,3,2,2,3,1,1,2,2,2,3,3,3,1,1,1,3,5,5,2,20,8,2
13401043,1,1,1,2,1,2,4,2,2,2,2,2,1,1,2,3,3,3,2,2,2,3,4,4,1,60,4,3
13401044,2,2,2,1,2,1,4,2,2,3,2,2,1,2,1,3,3,3,2,1,1,2,4,4,1,40,5,1
13401045,1,1,1,2,1,1,2,3,1,1,1,1,1,1,1,3,3,3,2,1,1,3,4,5,2,44,3,1
13401046,1,2,3,2,1,1,3,1,1,1,1,1,1,1,1,1,5,2,2,1,1,1,5,4,2,58,5,2
13401047,2,2,2,1,4,3,2,2,2,2,2,4,1,1,1,4,4,3,1,3,3,3,5,3,2,47,2,1
13401051,3,1,1,1,4,3,4,2,3,3,3,4,2,4,3,3,3,2,2,4,4,5,5,5,1,70,7,3
13401052,4,1,2,1,2,1,1,1,1,1,1,1,1,1,1,4,4,3,1,1,1,3,4,4,2,27,4,1
13401053,1,2,3,2,1,1,3,2,2,3,3,1,,,,1,2,5,1,1,1,1,4,5,2,67,2,1
13401056,1,2,2,1,1,1,1,1,1,1,1,1,1,1,1,2,2,1,1,1,1,3,5,5,2,30,4,4
13401061,1,2,2,1,1,1,3,3,1,1,1,1,1,1,1,4,5,1,2,1,1,2,5,4,2,49,7,1
13401062,,1,1,2,1,2,3,,2,2,2,2,,,,,,,2,1,1,3,4,4,2,23,7,2
13401064,1,2,2,1,1,1,4,3,1,3,1,1,,,,3,4,3,2,1,2,3,4,5,1,27,7,1
13401066,1,1,2,1,1,2,3,4,3,1,1,3,1,1,3,1,4,3,2,2,3,3,5,3,2,27,5,2
13401072,1,2,2,1,1,1,4,1,1,3,1,1,1,1,2,1,5,5,1,3,4,4,4,5,1,31,7,1
13401073,1,2,1,2,1,1,4,1,1,3,1,1,1,1,1,1,1,3,1,1,2,3,4,3,1,63,7,1
13401074,1,1,2,3,3,1,4,4,4,3,1,3,3,3,3,5,4,4,2,3,2,3,4,4,2,28,9,2
13401075,3,2,2,3,1,1,1,3,1,3,1,1,1,1,1,4,3,3,1,1,1,5,4,4,1,45,5,1
13401076,1,2,3,3,1,1,3,3,2,1,1,1,1,1,1,2,2,2,1,1,2,2,4,4,2,42,5,2
13401081,1,2,3,3,1,1,3,1,1,2,1,1,,,,,,,1,1,1,2,4,4,2,63,3,1
13401082,1,2,1,2,1,1,3,1,1,1,1,1,,,,3,3,3,1,1,1,3,4,5,1,64,3,1
13401083,,2,2,1,3,1,3,1,1,4,1,2,1,1,1,1,3,3,2,1,1,1,4,4,1,56,2,3
13401085,,2,1,1,1,1,3,1,1,1,1,1,,,,,,,2,1,,,4,5,1,37,7,2
13401086,5,2,2,1,2,1,4,4,2,2,2,4,1,1,3,2,4,3,2,1,3,3,5,5,1,73,5,4
13401087,3,2,2,1,1,1,5,4,3,2,1,1,1,3,1,1,3,1,2,1,3,3,4,4,2,74,2,1
13503011,2,2,2,1,1,1,3,3,1,2,1,1,1,1,1,2,2,2,2,1,2,2,5,3,2,59,5,2
13503014,1,2,2,1,1,1,1,1,2,1,1,1,1,1,1,2,2,2,2,1,1,1,5,4,2,51,3,1
13503021,1,2,2,1,2,1,1,2,1,1,1,1,1,1,1,4,4,1,2,1,2,5,5,5,2,53,2,1
13503031,3,2,1,2,1,1,4,1,1,4,1,1,1,3,1,3,4,4,2,1,1,2,4,4,1,48,5,1
13503032,2,2,2,1,2,1,2,4,4,1,1,2,1,1,1,3,3,3,2,3,4,4,5,4,2,32,5,3
13503052,1,2,2,1,1,1,1,1,1,1,1,1,1,1,1,1,,1,2,1,1,1,4,4,1,37,4,1
13503053,2,2,2,2,1,1,3,4,1,1,1,2,2,3,2,4,3,3,1,1,1,3,4,5,2,21,5,2
13503055,3,2,1,2,3,1,3,3,3,3,,5,2,2,2,4,5,2,1,1,2,2,4,4,2,30,3,1
13503061,1,2,2,2,1,1,3,2,3,2,1,1,1,1,1,2,3,3,1,1,1,1,4,2,2,32,5,1
13503064,1,2,1,1,1,1,4,1,3,3,1,1,1,1,1,2,3,2,2,1,1,3,5,5,2,55,3,2
13503071,1,2,2,1,2,1,3,2,2,2,1,2,1,1,1,3,3,3,1,1,1,4,4,4,1,37,5,2
13503072,1,2,2,1,1,1,3,1,1,1,1,1,1,3,1,3,3,1,1,1,1,3,5,4,2,70,3,1
13503073,2,2,2,1,1,1,3,3,1,3,1,1,1,1,1,3,3,3,1,1,1,3,5,4,1,34,5,3
13503075,2,1,2,2,2,2,2,1,1,2,2,2,1,2,3,5,5,5,1,2,3,5,3,4,2,38,5,1
13503081,1,2,2,2,2,1,3,2,2,2,1,3,1,1,2,3,4,3,1,5,4,4,4,3,1,28,10,3
13503082,4,1,1,1,5,3,3,1,1,1,1,4,1,3,4,1,3,1,2,1,1,1,5,4,1,71,5,2
13503111,4,2,2,2,3,3,2,4,3,1,3,4,1,1,1,5,3,3,1,1,2,3,5,5,2,21,5,3
13503112,1,2,2,1,2,2,5,2,5,2,2,2,2,1,2,4,4,4,2,5,5,5,5,5,1,31,9,2
13503113,3,2,2,1,2,2,2,1,1,1,1,3,1,1,1,3,3,3,2,1,1,1,5,5,1,36,5,2
13603011,3,2,2,2,1,1,3,3,4,3,2,1,1,1,1,4,4,3,2,4,4,4,4,4,2,21,8,1
13603014,3,2,2,1,2,2,2,,2,1,3,3,1,2,3,1,4,3,2,2,1,2,4,5,1,67,2,1
13603016,2,2,3,3,2,2,2,2,2,2,2,2,1,2,2,2,2,1,1,3,3,3,5,5,2,39,4,2
13603021,3,2,2,1,2,1,2,2,1,2,1,1,1,1,1,2,4,2,1,1,3,5,4,5,1,24,7,2
13603024,3,2,2,1,2,2,3,,2,3,2,2,,,,4,,,3,2,2,2,4,2,2,22,9,2
13603025,1,2,2,1,4,2,1,3,1,2,2,3,1,4,1,3,4,2,2,4,5,4,5,5,2,42,2,2
13603026,1,2,2,1,1,1,1,1,1,3,1,1,1,1,3,1,3,3,2,1,1,3,5,4,1,73,1,1
13603032,3,2,2,1,1,1,2,2,3,3,2,1,1,1,1,2,2,2,2,1,3,5,5,5,2,46,6,5
13603042,5,2,1,2,3,1,3,,1,1,,3,1,1,1,1,3,3,2,1,1,5,5,5,2,65,1,1
13603043,1,2,2,1,1,1,1,3,1,2,2,3,1,1,1,4,4,2,2,1,3,2,5,5,2,56,5,4
13603044,4,2,1,1,4,2,2,4,2,1,1,3,,,,3,4,4,2,1,1,3,4,2,1,52,2,2
13603051,2,2,2,3,2,1,4,4,2,1,2,3,1,3,2,3,3,,2,2,2,2,5,4,2,41,7,3
13603052,4,2,1,3,3,1,3,,1,1,1,3,3,3,3,3,5,,2,1,1,4,4,3,2,52,6,2
13603053,2,2,2,2,2,1,3,4,3,1,2,3,1,1,2,5,5,5,1,5,5,5,5,4,1,32,10,4
13603062,3,1,1,2,4,3,4,2,5,4,3,4,2,2,2,4,4,4,2,4,4,4,4,5,1,34,5,5
13603063,4,2,2,1,4,3,5,4,4,4,4,4,1,1,1,1,4,3,2,2,2,5,4,2,1,36,4,2
13603064,1,2,2,1,1,1,4,1,4,1,1,1,1,2,1,1,,,1,1,1,1,5,4,1,42,2,3
13603065,1,2,2,1,1,1,1,,1,5,1,1,1,1,1,4,4,3,1,1,3,3,4,4,2,31,5,2
13603066,2,2,2,2,2,1,2,3,3,4,3,3,2,2,2,4,4,3,1,3,3,3,4,4,1,32,5,2
13603071,4,2,2,3,3,1,3,1,1,3,2,4,1,4,2,3,5,3,2,1,3,3,4,4,2,55,4,2
13603073,,2,2,1,2,1,4,,1,3,1,2,1,1,1,3,3,3,2,1,2,3,5,5,2,68,2,1
13603081,3,3,2,3,3,2,4,5,3,2,1,4,1,1,1,3,4,3,2,2,2,3,5,4,2,29,7,1
13603084,2,2,2,3,2,1,4,3,4,4,3,3,,,,5,3,5,2,1,1,4,5,5,2,27,5,2
13603091,2,2,1,1,1,1,2,3,1,2,1,1,1,1,1,3,4,3,1,1,3,2,4,4,2,49,5,6
13603093,1,2,,,3,1,3,3,2,1,1,1,1,1,3,3,3,3,1,1,2,3,4,5,1,32,7,1
13603101,2,2,2,1,4,1,4,2,1,1,1,1,1,1,1,,,2,2,1,2,5,4,4,1,48,2,2
13603102,,2,3,1,,1,1,1,2,1,1,3,1,1,1,,4,4,2,1,1,1,4,4,2,74,2,1
13603103,4,2,1,1,3,1,4,4,3,3,3,3,3,3,2,3,4,,1,2,2,5,4,4,2,46,7,2
13603104,2,2,2,1,2,1,4,1,1,1,1,1,2,2,2,4,4,,2,1,3,5,4,1,2,38,5,1
13603111,5,2,2,1,2,2,4,,4,3,4,5,2,2,2,3,2,2,2,1,1,1,5,4,2,53,5,1
13603112,4,2,2,1,4,2,4,1,1,3,2,4,1,1,1,4,4,4,2,1,1,2,5,5,2,55,9,4
13603115,3,2,2,1,2,1,3,,3,1,,2,,,,3,3,3,1,1,1,3,5,4,2,34,7,3
13603116,3,2,2,2,2,1,5,1,2,2,2,3,,,,3,1,1,1,2,3,5,2,1,2,31,4,3
13603133,4,2,2,1,4,3,4,4,3,2,2,4,2,4,3,4,4,4,2,2,2,5,5,4,2,48,5,2
13603135,2,2,2,1,4,1,4,3,3,3,3,3,4,3,3,3,3,3,1,2,3,1,5,5,2,46,9,2
13603141,1,2,2,1,1,1,2,1,2,2,2,1,2,2,2,4,3,4,2,4,5,3,5,5,1,23,6,4
13603143,5,2,2,1,3,1,3,,1,1,1,4,1,1,3,,3,,2,1,1,3,5,5,2,49,2,3
13603155,5,2,2,1,4,4,4,4,4,3,4,4,2,5,1,3,5,4,2,1,4,4,5,5,1,57,9,4
13603163,3,2,2,1,3,1,5,3,3,2,2,3,1,1,1,3,3,3,2,1,1,3,5,5,2,48,7,1
13603164,2,2,3,3,4,3,3,2,2,2,2,3,3,3,3,2,3,3,2,2,3,5,5,5,1,58,5,1
13603191,1,2,2,1,1,1,4,2,1,2,2,2,1,1,1,4,5,4,1,1,1,3,4,4,1,30,7,1
13603195,1,2,2,1,1,1,2,1,1,1,1,1,1,1,1,1,1,1,2,2,2,2,5,5,1,53,3,3
13603212,5,2,2,1,2,2,3,2,1,3,1,4,1,1,1,4,2,3,2,1,3,4,5,5,1,53,2,3
13603213,,2,2,1,3,1,3,2,3,,1,2,1,1,1,1,2,3,2,1,1,3,5,4,2,51,2,2
13603221,1,2,2,1,1,1,3,1,1,2,1,1,3,1,1,3,2,2,2,1,2,5,4,4,1,50,4,2
13603222,1,2,2,1,2,1,4,3,2,4,2,1,3,2,1,3,3,3,2,2,4,5,4,4,1,56,7,3
13603223,2,2,2,1,2,2,3,,1,2,1,1,1,1,1,2,3,1,2,4,5,5,4,5,1,34,5,3
13604012,1,3,2,2,2,2,2,4,2,3,3,1,1,1,1,3,4,2,2,1,2,1,4,5,1,55,4,2
13604013,1,1,1,1,1,1,1,1,1,1,1,1,1,1,1,1,1,1,1,1,1,1,5,5,1,36,1,1
13604014,1,2,2,1,1,1,3,1,1,1,1,1,1,1,1,1,1,1,2,1,3,5,4,4,1,65,2,1
13604015,3,2,3,1,4,4,5,3,3,4,2,4,3,4,3,3,5,4,2,1,2,3,2,5,1,56,5,2
13604018,3,2,2,2,3,1,4,3,3,3,3,4,,1,3,3,4,4,2,3,3,4,5,5,1,63,7,2
13604022,4,2,2,1,3,1,3,,1,4,2,4,1,4,4,3,5,,2,2,3,5,5,5,2,47,5,3
13604023,1,2,1,1,1,1,1,,1,1,1,1,1,1,1,4,4,4,1,1,1,2,4,5,1,47,5,4
13605012,3,1,1,2,2,2,4,3,2,2,2,2,1,1,1,3,3,3,1,2,2,4,5,5,2,41,5,3
13605014,1,2,2,1,1,1,4,1,1,4,2,1,1,1,1,1,2,2,2,2,2,4,4,4,2,38,9,3
13605021,2,2,1,1,1,1,2,1,1,2,1,1,1,1,1,3,3,3,2,1,1,1,4,4,2,32,5,2
13605024,1,2,2,1,1,1,4,3,1,1,1,1,1,1,1,4,3,2,1,1,1,1,5,4,1,65,7,3
13605033,3,2,2,1,3,1,3,3,4,1,1,4,1,1,1,3,1,3,2,1,1,5,2,4,2,71,2,
13605043,2,3,3,2,1,1,4,3,1,2,1,2,1,1,3,4,4,2,1,5,5,5,5,5,1,43,5,3
13605044,2,2,3,1,2,2,3,2,1,2,1,1,1,1,1,1,4,2,2,1,3,3,5,2,2,52,7,3
13605045,1,2,2,1,1,1,2,,1,1,1,1,1,1,1,1,4,4,2,1,1,1,5,2,2,65,2,
13605051,2,2,2,1,3,2,4,3,3,3,3,3,3,3,3,3,3,3,2,2,2,2,4,4,1,68,5,1
13605052,2,2,2,1,2,,4,,,,2,2,1,1,1,2,3,1,2,1,1,1,5,4,2,44,3,2
13605053,3,2,2,1,1,1,3,3,1,1,2,2,1,1,1,3,3,3,1,1,1,1,4,4,1,52,4,3
13605064,1,2,2,1,1,1,3,3,1,3,1,1,1,1,1,3,4,3,2,1,3,3,5,5,2,54,5,4
13605065,3,2,3,2,2,1,3,3,3,3,3,3,1,1,1,3,3,3,2,2,2,4,5,4,2,26,7,2
13605071,1,1,2,2,1,1,1,1,1,1,1,1,1,1,1,1,1,1,1,1,1,1,5,5,2,37,7,1
13605072,1,2,2,1,3,1,3,3,3,3,3,3,1,1,1,1,4,1,2,1,1,1,5,2,2,37,6,2
13605075,2,2,2,1,2,2,5,4,3,,,2,1,1,1,,,,2,2,2,3,4,5,1,52,7,2
13605081,1,2,2,1,1,1,5,1,1,3,1,1,1,1,1,5,5,3,1,1,3,1,4,4,1,48,8,3
13605082,2,2,2,1,2,1,3,2,2,2,2,2,2,2,2,3,3,3,2,1,1,1,4,4,2,58,4,3
13605083,1,3,3,3,2,1,5,2,2,1,1,1,2,1,1,3,3,2,2,1,1,3,5,5,2,41,5,4
13605085,2,2,2,1,4,1,4,,2,2,2,4,1,1,1,3,3,3,2,1,2,4,5,5,2,67,2,4
13605091,,,,,1,1,1,1,1,1,1,1,1,1,1,3,3,3,2,1,1,1,3,4,2,34,3,4
13605093,3,2,2,2,3,3,3,1,3,3,3,3,1,1,1,3,3,3,2,1,1,1,2,4,1,65,2,1
13605094,1,2,2,1,1,1,1,1,1,1,1,1,1,1,1,4,3,3,1,1,1,1,4,4,1,47,3,1
13605101,1,2,2,1,3,2,5,4,3,3,4,3,3,2,3,,5,,1,2,3,2,3,3,1,40,5,2
13605102,1,2,2,1,1,1,3,4,1,4,1,1,1,1,1,4,4,,1,1,3,3,5,5,2,47,5,3
13605104,3,2,2,1,3,1,4,2,3,3,3,4,1,1,1,3,2,2,2,1,3,5,5,5,2,63,8,4
13605105,1,2,2,1,1,1,3,1,1,1,1,1,1,1,1,4,4,2,2,1,1,1,5,4,2,72,3,3
13605111,1,2,3,3,5,1,3,,1,1,,5,,,,3,3,3,1,1,3,1,3,3,2,29,5,3
13605112,3,2,3,1,3,1,4,4,1,2,1,1,1,1,1,5,3,1,1,2,3,1,4,4,1,33,8,3
13605113,4,2,2,2,3,1,1,1,1,1,1,1,1,1,1,1,3,3,1,1,2,2,3,3,2,33,5,3
13605121,1,2,2,1,2,1,2,4,1,2,1,2,2,3,1,1,2,2,2,2,3,5,5,5,1,54,2,1
13605122,,3,2,1,3,1,3,1,1,1,1,3,1,1,1,,,1,2,1,2,4,4,3,2,57,7,3
13605123,,2,1,2,5,2,4,3,2,3,1,5,,,,5,1,5,2,1,1,3,5,5,2,66,3,1
13605131,5,2,2,1,3,3,3,5,3,1,3,5,1,1,2,4,4,5,2,5,5,5,4,4,1,36,9,3
13605132,3,2,2,2,1,1,4,1,1,1,1,1,1,1,1,4,4,4,1,1,1,1,4,4,2,20,8,4
13605141,,,,,3,1,1,1,1,1,1,3,1,1,1,5,4,4,1,2,3,2,5,2,2,30,2,3
13605142,,,,,1,1,3,4,1,4,1,1,,,,5,,5,2,1,1,1,4,4,1,52,2,1
13605143,,,2,1,2,1,3,2,3,3,2,2,,,,4,,2,2,1,1,1,4,3,2,55,2,2
13605145,1,2,2,1,1,1,1,1,1,1,1,1,1,1,1,4,4,1,2,1,3,3,5,5,1,50,5,2
13605151,1,2,3,1,1,1,1,1,1,1,1,1,1,1,1,,5,,2,1,1,1,3,5,2,36,7,3
13605152,,2,2,1,3,3,3,3,2,3,1,3,,,,3,2,2,2,1,1,1,4,3,1,49,5,3
13605153,1,2,2,1,1,1,1,1,1,1,1,1,1,1,1,1,1,1,1,1,1,1,4,4,2,27,3,3
13605161,1,2,2,1,1,1,1,1,1,1,1,2,,,,4,,5,1,1,3,2,4,4,2,40,4,3
13605163,1,2,1,1,1,1,1,1,1,1,1,1,1,1,1,5,5,5,1,1,3,3,4,4,1,31,8,2
13605164,2,2,1,1,2,1,4,1,3,1,1,2,1,1,2,4,4,3,2,3,3,4,4,3,2,29,7,5
13605171,1,2,2,1,1,1,1,1,1,1,1,1,1,1,1,3,3,3,1,1,3,3,3,4,1,60,4,3
13605174,1,2,2,1,1,1,1,1,1,1,1,1,1,1,1,3,3,1,2,1,1,1,2,3,2,46,5,3
13605176,1,2,2,1,1,1,2,3,1,2,1,1,1,1,1,1,3,3,1,1,3,5,4,4,2,24,5,2
13605181,2,1,2,3,2,1,3,3,4,1,2,3,1,3,3,3,3,3,2,3,4,4,4,4,2,45,8,3
13605182,1,2,2,2,1,2,3,4,1,4,1,1,1,1,1,3,4,4,2,1,3,3,3,4,1,45,5,3
13605183,1,2,2,1,1,2,2,3,1,3,2,1,3,2,4,4,4,3,2,1,2,3,5,5,2,47,5,1
13605185,2,2,2,1,3,3,4,4,3,3,3,2,2,2,2,4,,,2,2,4,4,5,5,2,40,7,3
13605191,2,3,3,3,3,2,3,3,2,2,3,3,2,3,3,3,2,3,2,1,2,3,5,5,2,52,7,6
13605193,2,3,2,3,2,2,4,1,2,2,3,3,1,1,1,2,4,,2,1,2,3,4,5,2,55,7,2
13605201,1,2,3,1,1,1,5,2,3,1,1,1,1,1,1,5,5,5,2,1,1,1,4,3,2,50,3,1
13605202,3,2,2,1,1,1,2,2,1,3,3,1,1,2,2,4,4,5,2,1,1,1,3,4,1,69,2,2
13605204,1,2,1,2,2,2,2,2,2,2,2,2,1,1,1,1,1,1,2,1,3,3,4,,1,42,5,2
13605205,1,2,2,1,1,1,4,3,2,3,2,2,1,1,1,,5,1,2,1,3,3,5,5,2,44,2,1
13605212,1,3,2,3,1,1,1,1,1,1,1,1,1,1,1,1,5,4,2,1,1,1,5,1,2,38,3,3
13605222,2,2,2,3,3,1,4,3,1,2,1,2,1,1,1,3,3,3,2,3,3,3,5,4,1,33,9,3
13605223,3,2,2,1,3,1,4,3,4,3,1,2,,,,4,3,3,2,1,2,4,5,4,2,70,3,2
13605224,3,2,2,2,3,3,2,3,3,3,2,3,2,2,2,2,3,3,2,3,4,5,5,5,2,23,6,1
13605231,1,2,2,1,1,1,1,3,1,1,1,1,1,1,1,2,4,4,2,1,1,3,4,,2,46,7,3
13605232,3,2,2,2,3,1,5,1,1,4,1,5,1,1,1,4,5,5,2,1,1,2,3,3,1,60,2,5
13605233,1,2,1,1,1,1,1,1,1,1,1,3,1,1,1,4,4,4,2,1,1,1,3,3,2,44,4,4
13605241,2,2,2,1,2,1,4,1,1,3,1,2,,,,3,3,3,2,1,2,2,4,4,1,55,3,2
13605242,1,2,2,3,2,1,2,2,1,2,1,3,,,,,,,2,1,3,3,5,2,2,36,6,2
13605243,1,2,2,1,1,1,1,1,1,1,1,1,5,1,1,1,5,1,2,1,3,4,4,4,1,50,2,1
13605244,2,2,2,1,1,1,4,3,1,3,2,1,1,1,1,3,3,3,2,1,3,3,5,5,1,60,7,4
13605245,1,1,2,1,1,1,4,1,1,1,1,1,1,1,1,3,1,1,2,4,4,5,5,4,1,58,5,3
13605253,2,2,2,1,2,2,3,3,3,3,3,3,2,2,2,5,5,5,1,1,1,5,4,4,2,30,7,3
14201012,2,2,1,2,2,2,4,3,3,2,2,2,2,3,3,3,3,2,1,2,2,2,4,4,1,19,5,2
14201021,3,2,2,2,1,1,1,2,1,1,1,1,1,1,1,1,1,1,1,1,3,3,2,3,2,62,9,1
14201023,3,3,2,2,1,1,1,1,1,1,1,1,1,1,1,2,1,1,2,2,2,1,3,4,2,21,8,1
14201031,2,2,2,1,3,1,2,3,1,3,1,3,1,1,1,1,1,1,2,1,1,1,5,5,1,55,3,3
14201032,2,2,2,3,1,1,2,3,1,2,1,3,1,1,1,1,1,1,2,1,1,1,5,4,2,55,7,3
14201033,3,2,2,2,1,1,1,2,1,1,2,2,1,1,1,2,2,1,2,1,3,2,3,4,1,45,5,2
14201043,3,3,3,3,1,1,4,1,1,1,1,1,2,2,2,4,3,3,2,2,3,3,4,3,1,35,5,1
14201051,3,2,3,1,3,2,4,3,3,3,3,3,,,,,,,2,1,1,4,5,5,2,62,9,2
14201052,2,2,3,3,1,1,3,1,3,3,2,2,1,1,1,1,1,1,2,1,1,1,5,5,2,56,4,2
14201053,2,2,2,1,2,1,4,3,2,4,2,2,2,2,2,3,2,3,2,1,1,2,4,3,1,31,7,1
14201061,,2,2,1,3,1,5,4,1,2,1,4,1,1,1,1,1,1,2,1,1,1,4,5,1,63,2,1
14201062,2,2,2,2,2,1,1,1,1,2,2,2,2,1,3,3,3,3,2,1,1,1,1,5,2,46,5,2
14201071,3,2,2,2,1,3,3,4,2,2,2,1,1,1,1,1,2,2,2,1,5,2,3,4,2,48,4,2
14201072,1,2,3,3,2,2,3,4,2,3,2,3,2,2,2,2,4,2,1,1,1,2,4,4,1,40,5,1
14201081,3,2,2,2,3,3,3,3,2,3,3,2,2,2,2,2,2,2,2,1,3,1,4,4,2,24,7,1
14201082,3,2,2,2,3,1,1,3,3,2,2,5,1,1,1,1,1,1,1,3,4,5,4,3,1,65,2,1
14201083,2,2,2,1,3,3,3,1,2,1,2,3,1,1,1,1,1,2,2,1,2,3,5,5,2,32,7,3
14201091,1,2,2,1,2,1,3,2,1,,1,3,1,1,1,1,3,1,2,1,1,2,4,4,2,71,2,1
14201092,1,2,2,1,2,3,3,4,3,2,3,3,3,1,1,3,4,3,2,1,1,2,4,4,1,49,2,3
14201093,1,2,2,1,2,1,2,1,1,2,1,1,1,1,1,1,1,1,2,1,1,1,4,2,1,72,1,1
14201101,1,2,2,2,1,1,2,,2,2,1,1,1,1,1,1,,,2,1,1,3,3,3,2,61,2,3
14201102,3,3,3,3,2,3,2,2,2,2,2,2,,,2,3,3,3,2,2,4,2,4,3,1,24,5,1
14201103,,2,2,3,1,1,3,1,1,1,1,3,1,1,1,1,3,1,2,1,2,1,5,3,1,56,4,1
14201111,,2,3,1,2,1,5,1,1,2,1,1,,,,,,,2,1,2,3,4,5,2,59,2,1
14201112,2,2,2,3,2,2,3,3,3,3,2,3,1,1,1,1,3,2,1,1,1,1,4,3,1,30,7,1
14201113,2,3,3,3,2,2,4,1,1,1,,2,3,3,3,2,4,4,1,2,2,2,4,3,1,32,5,1
14204011,1,2,2,3,2,1,5,2,1,3,1,3,1,1,1,1,3,,2,2,1,2,3,1,2,68,2,1
14204012,2,2,2,2,3,3,4,2,1,2,2,3,1,1,1,1,1,1,2,2,3,4,4,3,2,34,5,2
14204013,1,3,3,3,1,1,1,1,1,1,1,1,,,,4,4,1,2,1,2,2,4,4,2,69,2,1
14204021,3,2,2,3,3,3,3,2,2,2,2,2,1,1,1,4,4,,1,1,1,1,4,4,2,20,8,3
14204022,2,2,2,1,3,1,4,,4,1,1,3,1,1,1,1,1,1,2,1,1,5,4,4,1,66,5,4
14204031,2,3,1,2,4,3,5,4,4,3,4,3,4,3,3,4,3,3,1,1,1,3,5,3,2,18,6,2
14204032,3,2,1,3,2,2,2,3,2,2,2,2,2,2,2,2,2,2,2,2,2,2,4,5,1,52,2,1
14204033,1,2,2,1,3,1,3,2,3,3,1,1,1,1,1,1,4,2,1,1,3,3,5,5,1,20,6,1
14204041,3,2,2,2,3,1,1,1,1,1,1,1,4,1,3,3,3,3,2,1,4,3,3,4,1,56,5,1
14204042,3,2,2,2,1,1,3,1,4,4,2,2,,4,,,,,2,1,1,1,4,2,1,68,2,1
14204051,,2,2,1,1,1,4,1,1,1,1,4,1,1,1,1,1,1,2,1,1,1,4,4,2,63,2,1
14204052,3,2,2,2,1,1,2,1,1,1,1,1,1,1,1,1,1,1,2,1,1,1,2,4,1,53,2,1
14204061,3,3,3,3,3,3,4,3,2,3,3,3,2,3,2,1,3,3,2,2,3,4,4,5,2,29,5,3
14204062,2,2,2,3,3,2,4,4,4,3,3,5,3,3,4,3,3,1,2,4,4,5,5,4,2,55,3,4
14204063,2,2,2,1,3,3,2,2,3,3,1,4,1,1,1,1,4,2,2,3,3,3,5,5,2,23,6,2
14204071,1,2,2,1,2,2,3,1,2,1,1,3,1,1,1,1,1,1,2,1,1,2,5,5,2,58,2,1
14204091,1,1,1,2,3,3,4,1,3,1,3,2,1,2,2,2,2,,2,4,4,5,5,5,1,38,4,3
14204092,2,2,2,1,3,1,4,2,2,1,2,1,1,1,1,1,4,3,2,1,1,2,4,5,1,26,5,1
14204093,1,2,2,3,2,2,4,3,3,3,3,3,1,1,1,1,1,1,2,2,4,4,4,4,1,54,5,1
14204101,2,2,1,1,3,1,4,,3,4,3,3,1,1,1,1,1,1,2,,1,3,5,2,2,67,3,1
14204103,1,2,2,1,2,2,4,1,4,2,1,1,1,1,1,1,1,1,2,1,3,3,4,4,2,40,7,3
14204111,1,3,3,1,3,1,4,3,3,3,1,4,1,1,1,1,1,1,2,1,1,3,5,3,2,65,2,1
14204113,3,2,2,1,5,1,2,2,2,1,2,4,1,1,1,1,3,1,2,1,1,3,4,4,1,63,3,2
131060410,1,2,2,1,1,1,5,3,5,4,1,1,1,1,1,3,5,3,1,1,3,5,5,5,1,64,5,1
131230210,1,2,2,1,1,1,2,1,1,2,1,1,1,1,1,3,3,3,2,4,4,5,5,5,1,50,9,4
131230211,2,1,1,2,2,2,5,3,3,3,3,2,2,2,2,5,5,5,2,4,4,5,4,4,2,44,10,5
131230212,2,2,3,1,3,3,3,,3,3,1,3,1,3,3,4,4,3,2,1,4,4,5,5,2,67,7,3
131230213,1,2,2,1,3,1,2,3,4,2,4,1,1,1,1,4,2,4,1,3,3,3,5,4,1,21,5,3
131230214,3,2,2,1,3,3,3,3,4,1,3,4,1,1,1,4,4,4,2,3,3,5,5,4,1,32,8,3
